documentId,matterId,file,versionCount,kind,kindLabel,isEmail,deepseekLabel,source,modelPrediction,modelConfidence,agreement,needsReview,reviewReason
hv-1005-00001-secretarys-certificate-holdings,hv-1005-00001,hv-1005-00001-secretarys-certificate-holdings.v1.txt,1,court_order,Court Order or Judgment,False,court_order,deepseek,closing_certificate,0.9766,False,True,confident model disagrees
hv-1032-00003-draft-selling-shareholder-certificate,hv-1032-00003,hv-1032-00003-draft-selling-shareholder-certificate.v1.txt,1,securities_offering_document,Securities Offering Document,False,securities_offering_document,deepseek,closing_certificate,0.9732,False,True,confident model disagrees
hv-1016-00003-letter-sc-to-ridgeline-opinions,hv-1016-00003,hv-1016-00003-letter-sc-to-ridgeline-opinions.v1.txt,1,correspondence,Correspondence,False,correspondence,deepseek,legal_opinion_letter,0.97,False,True,confident model disagrees
hv-1010-00002-opinion-reliance-letter-meridian-hale,hv-1010-00002,hv-1010-00002-opinion-reliance-letter-meridian-hale.v1.txt,1,regulatory_filing,Regulatory Filing or Government Submission,False,regulatory_filing,deepseek,legal_opinion_letter,0.9692,False,True,confident model disagrees
hv-1044-00004-suspension-notice-tsl-to-abs,hv-1044-00004,hv-1044-00004-suspension-notice-tsl-to-abs.v1.txt,1,regulatory_filing,Regulatory Filing or Government Submission,False,regulatory_filing,deepseek,securities_offering_document,0.9685,False,True,confident model disagrees
hv-1034-00001-clearpath-vendor-engagement-letter,hv-1034-00001,hv-1034-00001-clearpath-vendor-engagement-letter.v1.txt,1,legal_research_memorandum,Legal Research and Advice Memorandum,False,legal_research_memorandum,deepseek,engagement_letter,0.9683,False,True,confident model disagrees
hv-1012-00002-super-priority-credit-agreement,hv-1012-00002,hv-1012-00002-super-priority-credit-agreement.v1.txt,1,credit_or_financing_agreement,"Credit, Security or Financing Agreement",False,credit_or_financing_agreement,deepseek,closing_certificate,0.9677,False,True,confident model disagrees
hv-1014-00002-template-o1-advisory-opinion-letter-request,hv-1014-00002,hv-1014-00002-template-o1-advisory-opinion-letter-request.v1.txt,1,correspondence,Correspondence,False,correspondence,deepseek,legal_opinion_letter,0.9677,False,True,confident model disagrees
hv-1033-00002-negative-assurance-letter-10b5,hv-1033-00002,hv-1033-00002-negative-assurance-letter-10b5.v2.txt,2,legal_opinion_letter,Legal Opinion Letter,False,legal_opinion_letter,deepseek,securities_offering_document,0.9677,False,True,confident model disagrees
hv-1025-00001-legal-opinion-outline,hv-1025-00001,hv-1025-00001-legal-opinion-outline.v1.txt,1,securities_offering_document,Securities Offering Document,False,securities_offering_document,deepseek,legal_opinion_letter,0.9674,False,True,confident model disagrees
hv-1033-00002-sec-comment-response-letter,hv-1033-00002,hv-1033-00002-sec-comment-response-letter.v1.txt,1,regulatory_filing,Regulatory Filing or Government Submission,False,regulatory_filing,deepseek,securities_offering_document,0.9668,False,True,confident model disagrees
hv-1018-00006-license-agreement-redline-lcf,hv-1018-00006,hv-1018-00006-license-agreement-redline-lcf.v1.txt,1,commercial_agreement,Commercial or Services Agreement,False,commercial_agreement,deepseek,ip_or_technology_agreement,0.9663,False,True,confident model disagrees
hv-1018-00006-schedule-f-mfn-pricing-methodology,hv-1018-00006,hv-1018-00006-schedule-f-mfn-pricing-methodology.v1.txt,1,commercial_agreement,Commercial or Services Agreement,False,commercial_agreement,deepseek,ip_or_technology_agreement,0.9661,False,True,confident model disagrees
hv-1015-00001-draft-10b5-letter-pdy,hv-1015-00001,hv-1015-00001-draft-10b5-letter-pdy.v1.txt,1,legal_opinion_letter,Legal Opinion Letter,False,legal_opinion_letter,deepseek,securities_offering_document,0.9657,False,True,confident model disagrees
hv-1042-00002-founder-ip-assignment-confirmation,hv-1042-00002,hv-1042-00002-founder-ip-assignment-confirmation.v1.txt,1,employment_agreement,Employment and Compensation Agreement,False,employment_agreement,deepseek,ip_or_technology_agreement,0.9655,False,True,confident model disagrees
hv-1041-00002-commitment-letter-borrower-markup,hv-1041-00002,hv-1041-00002-commitment-letter-borrower-markup.v1.txt,1,unclassified,Unclassified,False,unclassified,deepseek,term_sheet_or_loi,0.9654,False,True,deepseek returned no label
hv-1021-00001-good-standing-request-letters,hv-1021-00001,hv-1021-00001-good-standing-request-letters.v1.txt,1,matter_administration_memo,Matter Opening or Closing Memorandum,False,matter_administration_memo,deepseek,closing_certificate,0.9649,False,True,confident model disagrees
hv-1015-00001-sec-response-letter-second-round,hv-1015-00001,hv-1015-00001-sec-response-letter-second-round.v1.txt,1,regulatory_filing,Regulatory Filing or Government Submission,False,regulatory_filing,deepseek,securities_offering_document,0.9648,False,True,confident model disagrees
hv-1018-00006-schedule-e-development-plan,hv-1018-00006,hv-1018-00006-schedule-e-development-plan.v1.txt,1,correspondence,Correspondence,False,correspondence,deepseek,ip_or_technology_agreement,0.9644,False,True,confident model disagrees
hv-1034-00004-data-request-letter-counterparty,hv-1034-00004,hv-1034-00004-data-request-letter-counterparty.v1.txt,1,matter_administration_memo,Matter Opening or Closing Memorandum,False,matter_administration_memo,deepseek,engagement_letter,0.9642,False,True,confident model disagrees
hv-1010-00002-legal-opinion-validity-of-shares,hv-1010-00002,hv-1010-00002-legal-opinion-validity-of-shares.v1.txt,1,securities_offering_document,Securities Offering Document,False,securities_offering_document,deepseek,legal_opinion_letter,0.9631,False,True,confident model disagrees
hv-1025-00001-10b5-1-representation-letter,hv-1025-00001,hv-1025-00001-10b5-1-representation-letter.v1.txt,1,legal_opinion_letter,Legal Opinion Letter,False,legal_opinion_letter,deepseek,securities_offering_document,0.9631,False,True,confident model disagrees
hv-1005-00001-mortgage-schaumburg-il,hv-1005-00001,hv-1005-00001-mortgage-schaumburg-il.v1.txt,1,unclassified,Unclassified,False,unclassified,deepseek,credit_or_financing_agreement,0.9628,False,True,deepseek returned no label
hv-1013-00003-schedule-of-purchasers,hv-1013-00003,hv-1013-00003-schedule-of-purchasers.v1.txt,1,purchase_agreement,Purchase or Merger Agreement,False,purchase_agreement,deepseek,credit_or_financing_agreement,0.9623,False,True,confident model disagrees
hv-1033-00005-initial-term-sheet-ellender,hv-1033-00005,hv-1033-00005-initial-term-sheet-ellender.v1.txt,1,employment_agreement,Employment and Compensation Agreement,False,employment_agreement,deepseek,term_sheet_or_loi,0.9615,False,True,confident model disagrees
hv-1025-00004-trust-agreement-tidewater-re,hv-1025-00004,hv-1025-00004-trust-agreement-tidewater-re.v1.txt,1,credit_or_financing_agreement,"Credit, Security or Financing Agreement",False,credit_or_financing_agreement,deepseek,closing_certificate,0.9613,False,True,confident model disagrees
hv-1001-00004-commitment-letter-stonebridge,hv-1001-00004,hv-1001-00004-commitment-letter-stonebridge.v1.txt,1,unclassified,Unclassified,False,unclassified,deepseek,term_sheet_or_loi,0.9611,False,True,deepseek returned no label
hv-1012-00001-initial-compliance-certificate,hv-1012-00001,hv-1012-00001-initial-compliance-certificate.v1.txt,1,credit_or_financing_agreement,"Credit, Security or Financing Agreement",False,credit_or_financing_agreement,deepseek,closing_certificate,0.961,False,True,confident model disagrees
hv-1008-00003-de-good-standing-request-letter,hv-1008-00003,hv-1008-00003-de-good-standing-request-letter.v1.txt,1,regulatory_filing,Regulatory Filing or Government Submission,False,regulatory_filing,deepseek,closing_certificate,0.9605,False,True,confident model disagrees
hv-1038-00009-bring-down-diligence-certificate,hv-1038-00009,hv-1038-00009-bring-down-diligence-certificate.v1.txt,1,closing_certificate,Closing Certificate,False,closing_certificate,deepseek,due_diligence_document,0.9605,False,True,confident model disagrees
hv-1016-00003-dd-memo-regulatory-licensing,hv-1016-00003,hv-1016-00003-dd-memo-regulatory-licensing.v1.txt,1,legal_research_memorandum,Legal Research and Advice Memorandum,False,legal_research_memorandum,deepseek,due_diligence_document,0.9604,False,True,confident model disagrees
hv-1015-00001-part-ii-information-not-required,hv-1015-00001,hv-1015-00001-part-ii-information-not-required.v1.txt,1,regulatory_filing,Regulatory Filing or Government Submission,False,regulatory_filing,deepseek,securities_offering_document,0.9601,False,True,confident model disagrees
hv-1041-00002-conflict-check-memorandum,hv-1041-00002,hv-1041-00002-conflict-check-memorandum.v1.txt,1,unclassified,Unclassified,False,unclassified,deepseek,conflict_check_memorandum,0.9601,False,True,deepseek returned no label
hv-1006-00007-due-diligence-issues-memo,hv-1006-00007,hv-1006-00007-due-diligence-issues-memo.v1.txt,1,legal_research_memorandum,Legal Research and Advice Memorandum,False,legal_research_memorandum,deepseek,due_diligence_document,0.96,False,True,confident model disagrees
hv-1009-00001-litigation-diligence-memo,hv-1009-00001,hv-1009-00001-litigation-diligence-memo.v1.txt,1,legal_research_memorandum,Legal Research and Advice Memorandum,False,legal_research_memorandum,deepseek,due_diligence_document,0.9598,False,True,confident model disagrees
hv-1043-00001-letter-cim-transmittal-negative-assurance,hv-1043-00001,hv-1043-00001-letter-cim-transmittal-negative-assurance.v1.txt,1,employment_agreement,Employment and Compensation Agreement,False,employment_agreement,deepseek,engagement_letter,0.9598,False,True,confident model disagrees
hv-1036-00004-comprehensive-dd-summary-memorandum,hv-1036-00004,hv-1036-00004-comprehensive-dd-summary-memorandum.v1.txt,1,legal_research_memorandum,Legal Research and Advice Memorandum,False,legal_research_memorandum,deepseek,due_diligence_document,0.9597,False,True,confident model disagrees
hv-1044-00006-carmichael-declaration-mtd,hv-1044-00006,hv-1044-00006-carmichael-declaration-mtd.v1.txt,1,court_order,Court Order or Judgment,False,court_order,deepseek,discovery_document,0.9597,False,True,confident model disagrees
hv-1039-00002-dd-memo-corporate-organizational,hv-1039-00002,hv-1039-00002-dd-memo-corporate-organizational.v1.txt,1,legal_research_memorandum,Legal Research and Advice Memorandum,False,legal_research_memorandum,deepseek,due_diligence_document,0.9596,False,True,confident model disagrees
hv-1031-00001-notification-to-pinnacle-engagement-partner,hv-1031-00001,hv-1031-00001-notification-to-pinnacle-engagement-partner.v1.txt,1,correspondence,Correspondence,False,correspondence,deepseek,conflict_check_memorandum,0.9592,False,True,confident model disagrees
hv-1023-00001-dd-memo-material-contracts,hv-1023-00001,hv-1023-00001-dd-memo-material-contracts.v1.txt,1,legal_research_memorandum,Legal Research and Advice Memorandum,False,legal_research_memorandum,deepseek,due_diligence_document,0.959,False,True,confident model disagrees
hv-1015-00001-dd-memo-tax-structure,hv-1015-00001,hv-1015-00001-dd-memo-tax-structure.v1.txt,1,legal_research_memorandum,Legal Research and Advice Memorandum,False,legal_research_memorandum,deepseek,due_diligence_document,0.9587,False,True,confident model disagrees
hv-1009-00001-dd-summary-risk-assessment-memo,hv-1009-00001,hv-1009-00001-dd-summary-risk-assessment-memo.v1.txt,1,legal_research_memorandum,Legal Research and Advice Memorandum,False,legal_research_memorandum,deepseek,due_diligence_document,0.9586,False,True,confident model disagrees
hv-1015-00001-dd-memo-corporate-organization,hv-1015-00001,hv-1015-00001-dd-memo-corporate-organization.v1.txt,1,legal_research_memorandum,Legal Research and Advice Memorandum,False,legal_research_memorandum,deepseek,due_diligence_document,0.9586,False,True,confident model disagrees
hv-1001-00004-employment-benefits-diligence-memo,hv-1001-00004,hv-1001-00004-employment-benefits-diligence-memo.v1.txt,1,legal_research_memorandum,Legal Research and Advice Memorandum,False,legal_research_memorandum,deepseek,due_diligence_document,0.9584,False,True,confident model disagrees
hv-1008-00002-sec-comment-response-round-1,hv-1008-00002,hv-1008-00002-sec-comment-response-round-1.v1.txt,1,regulatory_filing,Regulatory Filing or Government Submission,False,regulatory_filing,deepseek,securities_offering_document,0.9584,False,True,confident model disagrees
hv-1021-00003-declaration-pellegrini-psj,hv-1021-00003,hv-1021-00003-declaration-pellegrini-psj.v1.txt,1,motion_or_brief,Motion or Brief,False,motion_or_brief,deepseek,discovery_document,0.9579,False,True,confident model disagrees
hv-1017-00004-declaration-makhija-certification,hv-1017-00004,hv-1017-00004-declaration-makhija-certification.v1.txt,1,motion_or_brief,Motion or Brief,False,motion_or_brief,deepseek,discovery_document,0.9577,False,True,confident model disagrees
hv-1043-00002-environmental-dd-memo-stonebridge,hv-1043-00002,hv-1043-00002-environmental-dd-memo-stonebridge.v1.txt,1,legal_research_memorandum,Legal Research and Advice Memorandum,False,legal_research_memorandum,deepseek,due_diligence_document,0.9576,False,True,confident model disagrees
hv-1015-00002-draft-buyer-guaranty-agreement,hv-1015-00002,hv-1015-00002-draft-buyer-guaranty-agreement.v1.txt,1,unclassified,Unclassified,False,unclassified,deepseek,credit_or_financing_agreement,0.9575,False,True,deepseek returned no label
hv-1003-00003-tax-dd-memo,hv-1003-00003,hv-1003-00003-tax-dd-memo.v1.txt,1,legal_research_memorandum,Legal Research and Advice Memorandum,False,legal_research_memorandum,deepseek,due_diligence_document,0.9574,False,True,confident model disagrees
hv-1022-00001-expert-retention-letter-berger,hv-1022-00001,hv-1022-00001-expert-retention-letter-berger.v1.txt,1,employment_agreement,Employment and Compensation Agreement,False,employment_agreement,deepseek,engagement_letter,0.9573,False,True,confident model disagrees
hv-1020-00003-10b-5-disclosure-letter,hv-1020-00003,hv-1020-00003-10b-5-disclosure-letter.v1.txt,1,legal_opinion_letter,Legal Opinion Letter,False,legal_opinion_letter,deepseek,securities_offering_document,0.957,False,True,confident model disagrees
hv-1023-00001-dd-memo-litigation,hv-1023-00001,hv-1023-00001-dd-memo-litigation.v1.txt,1,legal_research_memorandum,Legal Research and Advice Memorandum,False,legal_research_memorandum,deepseek,due_diligence_document,0.957,False,True,confident model disagrees
hv-1017-00004-declaration-truong-notice-admin,hv-1017-00004,hv-1017-00004-declaration-truong-notice-admin.v1.txt,1,motion_or_brief,Motion or Brief,False,motion_or_brief,deepseek,discovery_document,0.9569,False,True,confident model disagrees
hv-1012-00002-restructuring-support-agreement,hv-1012-00002,hv-1012-00002-restructuring-support-agreement.v1.txt,1,credit_or_financing_agreement,"Credit, Security or Financing Agreement",False,credit_or_financing_agreement,deepseek,term_sheet_or_loi,0.9567,False,True,confident model disagrees
hv-1014-00005-letter-to-trident-ips-docket-hold,hv-1014-00005,hv-1014-00005-letter-to-trident-ips-docket-hold.v1.txt,1,employment_agreement,Employment and Compensation Agreement,False,employment_agreement,deepseek,litigation_hold_notice,0.9567,False,True,confident model disagrees
hv-1011-00003-coexistence-agreement-first,hv-1011-00003,hv-1011-00003-coexistence-agreement-first.v1.txt,1,correspondence,Correspondence,False,correspondence,deepseek,ip_or_technology_agreement,0.9566,False,True,confident model disagrees
hv-1021-00001-syndication-flex-letter,hv-1021-00001,hv-1021-00001-syndication-flex-letter.v1.txt,1,securities_offering_document,Securities Offering Document,False,securities_offering_document,deepseek,term_sheet_or_loi,0.9564,False,True,confident model disagrees
hv-1015-00001-dd-summary-memo-overall-findings,hv-1015-00001,hv-1015-00001-dd-summary-memo-overall-findings.v1.txt,1,legal_research_memorandum,Legal Research and Advice Memorandum,False,legal_research_memorandum,deepseek,due_diligence_document,0.9561,False,True,confident model disagrees
hv-1003-00003-rw-insurance-application,hv-1003-00003,hv-1003-00003-rw-insurance-application.v1.txt,1,securities_offering_document,Securities Offering Document,False,securities_offering_document,deepseek,regulatory_filing,0.956,False,True,confident model disagrees
hv-1014-00004-draft-discovery-dispute-letter,hv-1014-00004,hv-1014-00004-draft-discovery-dispute-letter.v1.txt,1,settlement_agreement,Settlement Agreement and Release,False,settlement_agreement,deepseek,discovery_document,0.956,False,True,confident model disagrees
hv-1004-00001-pinewood-side-letter,hv-1004-00001,hv-1004-00001-pinewood-side-letter.v1.txt,1,commercial_agreement,Commercial or Services Agreement,False,commercial_agreement,deepseek,term_sheet_or_loi,0.9558,False,True,confident model disagrees
hv-1044-00003-rsa-term-sheet-revised,hv-1044-00003,hv-1044-00003-rsa-term-sheet-revised.v2.txt,2,unclassified,Unclassified,False,unclassified,deepseek,term_sheet_or_loi,0.9556,False,True,deepseek returned no label
hv-1014-00006-data-security-cloud-rider,hv-1014-00006,hv-1014-00006-data-security-cloud-rider.v1.txt,1,commercial_agreement,Commercial or Services Agreement,False,commercial_agreement,deepseek,ip_or_technology_agreement,0.9553,False,True,confident model disagrees
hv-1032-00003-dd-memo-related-party-transactions,hv-1032-00003,hv-1032-00003-dd-memo-related-party-transactions.v1.txt,1,legal_research_memorandum,Legal Research and Advice Memorandum,False,legal_research_memorandum,deepseek,due_diligence_document,0.9552,False,True,confident model disagrees
hv-1036-00004-tax-dd-memorandum,hv-1036-00004,hv-1036-00004-tax-dd-memorandum.v1.txt,1,legal_research_memorandum,Legal Research and Advice Memorandum,False,legal_research_memorandum,deepseek,due_diligence_document,0.955,False,True,confident model disagrees
hv-1008-00010-escrow-agreement-evergreen-trust,hv-1008-00010,hv-1008-00010-escrow-agreement-evergreen-trust.v1.txt,1,unclassified,Unclassified,False,unclassified,deepseek,credit_or_financing_agreement,0.9549,False,True,deepseek returned no label
hv-1045-00004-depo-prep-memo-reeves,hv-1045-00004,hv-1045-00004-depo-prep-memo-reeves.v1.txt,1,matter_administration_memo,Matter Opening or Closing Memorandum,False,matter_administration_memo,deepseek,discovery_document,0.9549,False,True,confident model disagrees
hv-1039-00003-engagement-letter-sc-to-tmc,hv-1039-00003,hv-1039-00003-engagement-letter-sc-to-tmc.v1.txt,1,engagement_letter,Engagement Letter,False,engagement_letter,deepseek,conflict_check_memorandum,0.9545,False,True,confident model disagrees
hv-1039-00005-doj-preservation-response-letter,hv-1039-00005,hv-1039-00005-doj-preservation-response-letter.v1.txt,1,regulatory_filing,Regulatory Filing or Government Submission,False,regulatory_filing,deepseek,litigation_hold_notice,0.9544,False,True,confident model disagrees
hv-1016-00005-draft-supplemental-testimony-moretti,hv-1016-00005,hv-1016-00005-draft-supplemental-testimony-moretti.v1.txt,1,correspondence,Correspondence,False,correspondence,deepseek,discovery_document,0.9543,False,True,confident model disagrees
hv-1032-00003-letter-sc-to-vk-dd-protocol,hv-1032-00003,hv-1032-00003-letter-sc-to-vk-dd-protocol.v1.txt,1,securities_offering_document,Securities Offering Document,False,securities_offering_document,deepseek,due_diligence_document,0.9542,False,True,confident model disagrees
hv-1039-00003-draft-covenant-compliance-certificate,hv-1039-00003,hv-1039-00003-draft-covenant-compliance-certificate.v1.txt,1,correspondence,Correspondence,False,correspondence,deepseek,closing_certificate,0.9541,False,True,confident model disagrees
hv-1016-00005-direct-testimony-winfield,hv-1016-00005,hv-1016-00005-direct-testimony-winfield.v1.txt,1,regulatory_filing,Regulatory Filing or Government Submission,False,regulatory_filing,deepseek,discovery_document,0.954,False,True,confident model disagrees
hv-1041-00002-commitment-letter-final,hv-1041-00002,hv-1041-00002-commitment-letter-final.v1.txt,1,engagement_letter,Engagement Letter,False,engagement_letter,deepseek,term_sheet_or_loi,0.9533,False,True,confident model disagrees
hv-1002-00004-customer-concentration-risk-memo,hv-1002-00004,hv-1002-00004-customer-concentration-risk-memo.v1.txt,1,legal_research_memorandum,Legal Research and Advice Memorandum,False,legal_research_memorandum,deepseek,due_diligence_document,0.9532,False,True,confident model disagrees
hv-1016-00005-direct-testimony-moretti,hv-1016-00005,hv-1016-00005-direct-testimony-moretti.v1.txt,1,regulatory_filing,Regulatory Filing or Government Submission,False,regulatory_filing,deepseek,discovery_document,0.9532,False,True,confident model disagrees
hv-1030-00001-official-statement-review-memo,hv-1030-00001,hv-1030-00001-official-statement-review-memo.v1.txt,1,legal_research_memorandum,Legal Research and Advice Memorandum,False,legal_research_memorandum,deepseek,due_diligence_document,0.9532,False,True,confident model disagrees
hv-1044-00004-10b-5-disclosure-letter,hv-1044-00004,hv-1044-00004-10b-5-disclosure-letter.v1.txt,1,legal_research_memorandum,Legal Research and Advice Memorandum,False,legal_research_memorandum,deepseek,securities_offering_document,0.9532,False,True,confident model disagrees
hv-1015-00002-ppa-second-draft-redline-v-first,hv-1015-00002,hv-1015-00002-ppa-second-draft-redline-v-first.v1.txt,1,correspondence,Correspondence,False,correspondence,deepseek,purchase_agreement,0.9531,False,True,confident model disagrees
hv-1036-00004-local-counsel-opinion-florida,hv-1036-00004,hv-1036-00004-local-counsel-opinion-florida.v1.txt,1,real_property_agreement,Real Property or Lease Agreement,False,real_property_agreement,deepseek,legal_opinion_letter,0.953,False,True,confident model disagrees
hv-1016-00005-direct-testimony-braswell,hv-1016-00005,hv-1016-00005-direct-testimony-braswell.v1.txt,1,motion_or_brief,Motion or Brief,False,motion_or_brief,deepseek,discovery_document,0.9526,False,True,confident model disagrees
hv-1022-00005-hale-deposition-objection-letter,hv-1022-00005,hv-1022-00005-hale-deposition-objection-letter.v1.txt,1,correspondence,Correspondence,False,correspondence,deepseek,discovery_document,0.9526,False,True,confident model disagrees
hv-1016-00005-direct-testimony-orlov,hv-1016-00005,hv-1016-00005-direct-testimony-orlov.v1.txt,1,motion_or_brief,Motion or Brief,False,motion_or_brief,deepseek,discovery_document,0.9524,False,True,confident model disagrees
hv-1021-00006-meet-and-confer-suncoast-records,hv-1021-00006,hv-1021-00006-meet-and-confer-suncoast-records.v1.txt,1,discovery_document,"Discovery, Deposition or Expert Material",False,discovery_document,deepseek,correspondence,0.9524,False,True,confident model disagrees
hv-1016-00005-direct-testimony-greaves,hv-1016-00005,hv-1016-00005-direct-testimony-greaves.v1.txt,1,regulatory_filing,Regulatory Filing or Government Submission,False,regulatory_filing,deepseek,discovery_document,0.9522,False,True,confident model disagrees
hv-1036-00004-entity-level-dd-memorandum,hv-1036-00004,hv-1036-00004-entity-level-dd-memorandum.v1.txt,1,legal_research_memorandum,Legal Research and Advice Memorandum,False,legal_research_memorandum,deepseek,due_diligence_document,0.9517,False,True,confident model disagrees
hv-1015-00001-dd-memo-regulatory-permitting,hv-1015-00001,hv-1015-00001-dd-memo-regulatory-permitting.v1.txt,1,legal_research_memorandum,Legal Research and Advice Memorandum,False,legal_research_memorandum,deepseek,due_diligence_document,0.9513,False,True,confident model disagrees
hv-1025-00006-ct-insurance-dept-closure-letter-annotated,hv-1025-00006,hv-1025-00006-ct-insurance-dept-closure-letter-annotated.v1.txt,1,compliance_policy,Compliance Policy or Procedure,False,compliance_policy,deepseek,matter_administration_memo,0.9512,False,True,confident model disagrees
hv-1011-00005-rw-insurance-underwriting-submission,hv-1011-00005,hv-1011-00005-rw-insurance-underwriting-submission.v1.txt,1,correspondence,Correspondence,False,correspondence,deepseek,regulatory_filing,0.9511,False,True,confident model disagrees
hv-1043-00002-bring-down-dd-memo,hv-1043-00002,hv-1043-00002-bring-down-dd-memo.v1.txt,1,legal_research_memorandum,Legal Research and Advice Memorandum,False,legal_research_memorandum,deepseek,due_diligence_document,0.9511,False,True,confident model disagrees
hv-1009-00003-ip-due-diligence-memo,hv-1009-00003,hv-1009-00003-ip-due-diligence-memo.v1.txt,1,legal_research_memorandum,Legal Research and Advice Memorandum,False,legal_research_memorandum,deepseek,due_diligence_document,0.9508,False,True,confident model disagrees
hv-1037-00004-exhibit-a-patent-license-agreement,hv-1037-00004,hv-1037-00004-exhibit-a-patent-license-agreement.v1.txt,1,ip_or_technology_agreement,IP or Technology Agreement,False,ip_or_technology_agreement,deepseek,settlement_agreement,0.9508,False,True,confident model disagrees
hv-1018-00009-matter-status-report-q2-2023,hv-1018-00009,hv-1018-00009-matter-status-report-q2-2023.v1.txt,1,correspondence,Correspondence,False,correspondence,deepseek,matter_administration_memo,0.9504,False,True,confident model disagrees
hv-1002-00001-letter-agreement-insider-lockup,hv-1002-00001,hv-1002-00001-letter-agreement-insider-lockup.v1.txt,1,securities_offering_document,Securities Offering Document,False,securities_offering_document,deepseek,term_sheet_or_loi,0.9501,False,True,confident model disagrees
hv-1022-00002-memo-anti-trafficking-unjust-enrichment,hv-1022-00002,hv-1022-00002-memo-anti-trafficking-unjust-enrichment.v1.txt,1,legal_research_memorandum,Legal Research and Advice Memorandum,False,legal_research_memorandum,deepseek,due_diligence_document,0.9501,False,True,confident model disagrees
hv-1038-00006-exhibit-c-top-50-vendors-list,hv-1038-00006,hv-1038-00006-exhibit-c-top-50-vendors-list.v1.txt,1,correspondence,Correspondence,False,correspondence,deepseek,settlement_agreement,0.9501,False,True,confident model disagrees
hv-1027-00001-letter-agreement-insider-letter,hv-1027-00001,hv-1027-00001-letter-agreement-insider-letter.v1.txt,1,correspondence,Correspondence,False,correspondence,deepseek,term_sheet_or_loi,0.95,False,True,confident model disagrees
hv-1041-00005-draft-amendment-fund-v-lpa,hv-1041-00005,hv-1041-00005-draft-amendment-fund-v-lpa.v1.txt,1,employment_agreement,Employment and Compensation Agreement,False,employment_agreement,deepseek,organizational_document,0.95,False,True,confident model disagrees
hv-1025-00007-letter-to-rating-agencies-preliminary-rating-conditions,hv-1025-00007,hv-1025-00007-letter-to-rating-agencies-preliminary-rating-conditions.v1.txt,1,legal_opinion_letter,Legal Opinion Letter,False,legal_opinion_letter,deepseek,engagement_letter,0.9498,False,True,confident model disagrees
hv-1038-00006-declaration-oberg-damages-pi,hv-1038-00006,hv-1038-00006-declaration-oberg-damages-pi.v1.txt,1,conflict_check_memorandum,Conflicts Check Memorandum,False,conflict_check_memorandum,deepseek,discovery_document,0.9496,False,True,confident model disagrees
hv-1018-00005-draft-medication-guide-psoriasis,hv-1018-00005,hv-1018-00005-draft-medication-guide-psoriasis.v1.txt,1,legal_research_memorandum,Legal Research and Advice Memorandum,False,legal_research_memorandum,deepseek,regulatory_filing,0.9493,False,True,confident model disagrees
hv-1018-00006-escrow-funding-confirmation,hv-1018-00006,hv-1018-00006-escrow-funding-confirmation.v1.txt,1,unclassified,Unclassified,False,unclassified,deepseek,legal_opinion_letter,0.9493,False,True,deepseek returned no label
hv-1004-00001-investors-rights-agreement,hv-1004-00001,hv-1004-00001-investors-rights-agreement.v1.txt,1,securities_offering_document,Securities Offering Document,False,securities_offering_document,deepseek,organizational_document,0.9492,False,True,confident model disagrees
hv-1016-00003-comfort-letter-request,hv-1016-00003,hv-1016-00003-comfort-letter-request.v1.txt,1,correspondence,Correspondence,False,correspondence,deepseek,securities_offering_document,0.9491,False,True,confident model disagrees
hv-1036-00004-manager-change-filings-delaware,hv-1036-00004,hv-1036-00004-manager-change-filings-delaware.v1.txt,1,matter_administration_memo,Matter Opening or Closing Memorandum,False,matter_administration_memo,deepseek,regulatory_filing,0.9491,False,True,confident model disagrees
hv-1027-00003-insurance-tender-letter,hv-1027-00003,hv-1027-00003-insurance-tender-letter.v1.txt,1,legal_research_memorandum,Legal Research and Advice Memorandum,False,legal_research_memorandum,deepseek,correspondence,0.9488,False,True,confident model disagrees
hv-1044-00001-without-prejudice-letter-sc-to-hw,hv-1044-00001,hv-1044-00001-without-prejudice-letter-sc-to-hw.v1.txt,1,motion_or_brief,Motion or Brief,False,motion_or_brief,deepseek,correspondence,0.9488,False,True,confident model disagrees
hv-1025-00008-meridian-form-mdla-kpa,hv-1025-00008,hv-1025-00008-meridian-form-mdla-kpa.v1.txt,1,commercial_agreement,Commercial or Services Agreement,False,commercial_agreement,deepseek,ip_or_technology_agreement,0.9487,False,True,confident model disagrees
hv-1002-00003-side-letter-cascadia-pers-initial,hv-1002-00003,hv-1002-00003-side-letter-cascadia-pers-initial.v1.txt,1,employment_agreement,Employment and Compensation Agreement,False,employment_agreement,deepseek,term_sheet_or_loi,0.9484,False,True,confident model disagrees
hv-1034-00004-ilit-schedule-a,hv-1034-00004,hv-1034-00004-ilit-schedule-a.v1.txt,1,organizational_document,"Charter, Bylaws or Organizational Document",False,organizational_document,deepseek,credit_or_financing_agreement,0.9481,False,True,confident model disagrees
hv-1039-00002-dd-memo-litigation-contingencies,hv-1039-00002,hv-1039-00002-dd-memo-litigation-contingencies.v1.txt,1,legal_research_memorandum,Legal Research and Advice Memorandum,False,legal_research_memorandum,deepseek,due_diligence_document,0.9481,False,True,confident model disagrees
hv-1044-00004-paying-agent-transfer-agent-agreement-near,hv-1044-00004,hv-1044-00004-paying-agent-transfer-agent-agreement-near.v1.txt,1,credit_or_financing_agreement,"Credit, Security or Financing Agreement",False,credit_or_financing_agreement,deepseek,securities_offering_document,0.9478,False,True,confident model disagrees
hv-1018-00009-matter-status-report-q3-2022,hv-1018-00009,hv-1018-00009-matter-status-report-q3-2022.v1.txt,1,correspondence,Correspondence,False,correspondence,deepseek,matter_administration_memo,0.9476,False,True,confident model disagrees
hv-1016-00005-draft-supplemental-testimony-orlov,hv-1016-00005,hv-1016-00005-draft-supplemental-testimony-orlov.v1.txt,1,regulatory_filing,Regulatory Filing or Government Submission,False,regulatory_filing,deepseek,discovery_document,0.9473,False,True,confident model disagrees
hv-1015-00001-dd-memo-intellectual-property,hv-1015-00001,hv-1015-00001-dd-memo-intellectual-property.v1.txt,1,legal_research_memorandum,Legal Research and Advice Memorandum,False,legal_research_memorandum,deepseek,due_diligence_document,0.9472,False,True,confident model disagrees
hv-1035-00004-closing-letter-to-client,hv-1035-00004,hv-1035-00004-closing-letter-to-client.v1.txt,1,correspondence,Correspondence,False,correspondence,deepseek,matter_administration_memo,0.9471,False,True,confident model disagrees
hv-1014-00004-draft-opposition-sj-emvr,hv-1014-00004,hv-1014-00004-draft-opposition-sj-emvr.v1.txt,1,court_order,Court Order or Judgment,False,court_order,deepseek,motion_or_brief,0.9467,False,True,confident model disagrees
hv-1005-00002-bring-down-dd-call-memo,hv-1005-00002,hv-1005-00002-bring-down-dd-call-memo.v1.txt,1,legal_research_memorandum,Legal Research and Advice Memorandum,False,legal_research_memorandum,deepseek,due_diligence_document,0.9461,False,True,confident model disagrees
hv-1003-00002-side-letter-kingsbridge-endowment,hv-1003-00002,hv-1003-00002-side-letter-kingsbridge-endowment.v1.txt,1,engagement_letter,Engagement Letter,False,engagement_letter,deepseek,term_sheet_or_loi,0.946,False,True,confident model disagrees
hv-1006-00006-incremental-term-loan-amendment,hv-1006-00006,hv-1006-00006-incremental-term-loan-amendment.v1.txt,1,credit_or_financing_agreement,"Credit, Security or Financing Agreement",False,credit_or_financing_agreement,deepseek,closing_certificate,0.9459,False,True,confident model disagrees
hv-1011-00003-coexistence-agreement-redline,hv-1011-00003,hv-1011-00003-coexistence-agreement-redline.v1.txt,1,legal_research_memorandum,Legal Research and Advice Memorandum,False,legal_research_memorandum,deepseek,ip_or_technology_agreement,0.9457,False,True,confident model disagrees
hv-1014-00004-witness-list-plaintiff,hv-1014-00004,hv-1014-00004-witness-list-plaintiff.v1.txt,1,correspondence,Correspondence,False,correspondence,deepseek,discovery_document,0.9456,False,True,confident model disagrees
hv-1038-00007-answer-and-affirmative-defenses,hv-1038-00007,hv-1038-00007-answer-and-affirmative-defenses.v1.txt,1,motion_or_brief,Motion or Brief,False,motion_or_brief,deepseek,pleading,0.9455,False,True,confident model disagrees
hv-1017-00004-meet-confer-deficient-responses,hv-1017-00004,hv-1017-00004-meet-confer-deficient-responses.v1.txt,1,correspondence,Correspondence,False,correspondence,deepseek,discovery_document,0.9454,False,True,confident model disagrees
hv-1038-00001-opposition-to-iosa-intervention,hv-1038-00001,hv-1038-00001-opposition-to-iosa-intervention.v1.txt,1,court_order,Court Order or Judgment,False,court_order,deepseek,motion_or_brief,0.9453,False,True,confident model disagrees
hv-1041-00004-draft-rw-insurance-submission,hv-1041-00004,hv-1041-00004-draft-rw-insurance-submission.v1.txt,1,correspondence,Correspondence,False,correspondence,deepseek,regulatory_filing,0.9453,False,True,confident model disagrees
hv-1035-00002-stipulation-order-custody-evaluator,hv-1035-00002,hv-1035-00002-stipulation-order-custody-evaluator.v1.txt,1,motion_or_brief,Motion or Brief,False,motion_or_brief,deepseek,court_order,0.9452,False,True,confident model disagrees
hv-1017-00004-filed-answer-aldrich,hv-1017-00004,hv-1017-00004-filed-answer-aldrich.v1.txt,1,motion_or_brief,Motion or Brief,False,motion_or_brief,deepseek,pleading,0.9451,False,True,confident model disagrees
hv-1022-00002-draft-stipulation-abeyance-fcc,hv-1022-00002,hv-1022-00002-draft-stipulation-abeyance-fcc.v1.txt,1,correspondence,Correspondence,False,correspondence,deepseek,regulatory_filing,0.9451,False,True,confident model disagrees
hv-1025-00003-redline-bylaws-articles-iii-iv,hv-1025-00003,hv-1025-00003-redline-bylaws-articles-iii-iv.v1.txt,1,legal_research_memorandum,Legal Research and Advice Memorandum,False,legal_research_memorandum,deepseek,organizational_document,0.9448,False,True,confident model disagrees
hv-1007-00007-dpa-v1-0-initial,hv-1007-00007,hv-1007-00007-dpa-v1-0-initial.v1.txt,1,ip_or_technology_agreement,IP or Technology Agreement,False,ip_or_technology_agreement,deepseek,commercial_agreement,0.9447,False,True,confident model disagrees
hv-1018-00009-matter-status-report-q4-2022,hv-1018-00009,hv-1018-00009-matter-status-report-q4-2022.v1.txt,1,correspondence,Correspondence,False,correspondence,deepseek,matter_administration_memo,0.9447,False,True,confident model disagrees
hv-1023-00002-draft-proposed-order-denying-mtd,hv-1023-00002,hv-1023-00002-draft-proposed-order-denying-mtd.v1.txt,1,motion_or_brief,Motion or Brief,False,motion_or_brief,deepseek,court_order,0.9447,False,True,confident model disagrees
hv-1022-00001-insurance-tender-letter,hv-1022-00001,hv-1022-00001-insurance-tender-letter.v1.txt,1,compliance_policy,Compliance Policy or Procedure,False,compliance_policy,deepseek,correspondence,0.9446,False,True,confident model disagrees
hv-1015-00001-sec-comment-letter-second-round,hv-1015-00001,hv-1015-00001-sec-comment-letter-second-round.v1.txt,1,regulatory_filing,Regulatory Filing or Government Submission,False,regulatory_filing,deepseek,securities_offering_document,0.9444,False,True,confident model disagrees
hv-1011-00003-complaint-trademark-infringement,hv-1011-00003,hv-1011-00003-complaint-trademark-infringement.v1.txt,1,motion_or_brief,Motion or Brief,False,motion_or_brief,deepseek,pleading,0.9443,False,True,confident model disagrees
hv-1017-00006-hsr-filing-cover-memo,hv-1017-00006,hv-1017-00006-hsr-filing-cover-memo.v1.txt,1,legal_research_memorandum,Legal Research and Advice Memorandum,False,legal_research_memorandum,deepseek,regulatory_filing,0.9443,False,True,confident model disagrees
hv-1017-00006-non-competition-agreement,hv-1017-00006,hv-1017-00006-non-competition-agreement.v1.txt,1,commercial_agreement,Commercial or Services Agreement,False,commercial_agreement,deepseek,employment_agreement,0.9443,False,True,confident model disagrees
hv-1016-00004-counter-proposal-letter,hv-1016-00004,hv-1016-00004-counter-proposal-letter.v1.txt,1,compliance_policy,Compliance Policy or Procedure,False,compliance_policy,deepseek,settlement_agreement,0.9442,False,True,confident model disagrees
hv-1039-00005-sec-document-production-cover-letter,hv-1039-00005,hv-1039-00005-sec-document-production-cover-letter.v1.txt,1,regulatory_filing,Regulatory Filing or Government Submission,False,regulatory_filing,deepseek,correspondence,0.9442,False,True,confident model disagrees
hv-1045-00002-workstream-1-ofac-sanctions-screening-plan,hv-1045-00002,hv-1045-00002-workstream-1-ofac-sanctions-screening-plan.v1.txt,1,compliance_policy,Compliance Policy or Procedure,False,compliance_policy,deepseek,regulatory_filing,0.9441,False,True,confident model disagrees
hv-1044-00001-letter-to-tsl-england-outcome,hv-1044-00001,hv-1044-00001-letter-to-tsl-england-outcome.v1.txt,1,legal_research_memorandum,Legal Research and Advice Memorandum,False,legal_research_memorandum,deepseek,correspondence,0.9433,False,True,confident model disagrees
hv-1037-00004-counterproposal-letter-htb-to-sc,hv-1037-00004,hv-1037-00004-counterproposal-letter-htb-to-sc.v1.txt,1,case_assessment_memo,Case Assessment or Settlement Memorandum,False,case_assessment_memo,deepseek,settlement_agreement,0.9432,False,True,confident model disagrees
hv-1009-00007-sla-exhibit-revised,hv-1009-00007,hv-1009-00007-sla-exhibit-revised.v1.txt,1,ip_or_technology_agreement,IP or Technology Agreement,False,ip_or_technology_agreement,deepseek,commercial_agreement,0.9429,False,True,confident model disagrees
hv-1032-00006-pre-filing-memorandum-irs-apma,hv-1032-00006,hv-1032-00006-pre-filing-memorandum-irs-apma.v1.txt,1,legal_research_memorandum,Legal Research and Advice Memorandum,False,legal_research_memorandum,deepseek,regulatory_filing,0.9428,False,True,confident model disagrees
hv-1035-00005-response-to-amended-objection,hv-1035-00005,hv-1035-00005-response-to-amended-objection.v1.txt,1,pleading,Pleading,False,pleading,deepseek,motion_or_brief,0.9427,False,True,confident model disagrees
hv-1021-00006-answer-to-counterclaim,hv-1021-00006,hv-1021-00006-answer-to-counterclaim.v1.txt,1,motion_or_brief,Motion or Brief,False,motion_or_brief,deepseek,pleading,0.9426,False,True,confident model disagrees
hv-1022-00005-trial-plan-preliminary,hv-1022-00005,hv-1022-00005-trial-plan-preliminary.v1.txt,1,case_assessment_memo,Case Assessment or Settlement Memorandum,False,case_assessment_memo,deepseek,discovery_document,0.9426,False,True,confident model disagrees
hv-1025-00007-letter-to-ridgeline-transaction-suspension,hv-1025-00007,hv-1025-00007-letter-to-ridgeline-transaction-suspension.v1.txt,1,correspondence,Correspondence,False,correspondence,deepseek,securities_offering_document,0.9426,False,True,confident model disagrees
hv-1039-00003-transmittal-letter-tmc-redline-dec-16,hv-1039-00003,hv-1039-00003-transmittal-letter-tmc-redline-dec-16.v1.txt,1,correspondence,Correspondence,False,correspondence,deepseek,settlement_agreement,0.9424,False,True,confident model disagrees
hv-1001-00006-section-754-election-draft-form,hv-1001-00006,hv-1001-00006-section-754-election-draft-form.v1.txt,1,legal_research_memorandum,Legal Research and Advice Memorandum,False,legal_research_memorandum,deepseek,regulatory_filing,0.9423,False,True,confident model disagrees
hv-1003-00001-item-4-document-collection-memo,hv-1003-00001,hv-1003-00001-item-4-document-collection-memo.v1.txt,1,legal_research_memorandum,Legal Research and Advice Memorandum,False,legal_research_memorandum,deepseek,regulatory_filing,0.9417,False,True,confident model disagrees
hv-1019-00005-joint-status-report-06-2025-03-06,hv-1019-00005,hv-1019-00005-joint-status-report-06-2025-03-06.v1.txt,1,correspondence,Correspondence,False,correspondence,deepseek,court_order,0.941,False,True,confident model disagrees
hv-1022-00007-amended-dpa-ntp-pinnacle,hv-1022-00007,hv-1022-00007-amended-dpa-ntp-pinnacle.v2.txt,2,ip_or_technology_agreement,IP or Technology Agreement,False,ip_or_technology_agreement,deepseek,commercial_agreement,0.941,False,True,confident model disagrees
hv-1025-00005-draft-affidavit-engstrom,hv-1025-00005,hv-1025-00005-draft-affidavit-engstrom.v1.txt,1,court_order,Court Order or Judgment,False,court_order,deepseek,discovery_document,0.9406,False,True,confident model disagrees
hv-1025-00005-demand-to-arbitrate-letter,hv-1025-00005,hv-1025-00005-demand-to-arbitrate-letter.v1.txt,1,motion_or_brief,Motion or Brief,False,motion_or_brief,deepseek,correspondence,0.94,False,True,confident model disagrees
hv-1038-00006-cease-and-desist-other-seven-employees,hv-1038-00006,hv-1038-00006-cease-and-desist-other-seven-employees.v1.txt,1,employment_agreement,Employment and Compensation Agreement,False,employment_agreement,deepseek,correspondence,0.9398,False,True,confident model disagrees
hv-1008-00006-closing-letter-matter-summary,hv-1008-00006,hv-1008-00006-closing-letter-matter-summary.v1.txt,1,engagement_letter,Engagement Letter,False,engagement_letter,deepseek,matter_administration_memo,0.9394,False,True,confident model disagrees
hv-1024-00004-warehouse-payoff-letter,hv-1024-00004,hv-1024-00004-warehouse-payoff-letter.v1.txt,1,correspondence,Correspondence,False,correspondence,deepseek,legal_opinion_letter,0.9393,False,True,confident model disagrees
hv-1032-00003-draft-registration-statement-f1,hv-1032-00003,hv-1032-00003-draft-registration-statement-f1.v1.txt,1,securities_offering_document,Securities Offering Document,False,securities_offering_document,deepseek,regulatory_filing,0.9393,False,True,confident model disagrees
hv-1018-00009-matter-status-report-q3-2023,hv-1018-00009,hv-1018-00009-matter-status-report-q3-2023.v1.txt,1,correspondence,Correspondence,False,correspondence,deepseek,matter_administration_memo,0.9389,False,True,confident model disagrees
hv-1009-00004-schedule-a-description-of-processing,hv-1009-00004,hv-1009-00004-schedule-a-description-of-processing.v1.txt,1,correspondence,Correspondence,False,correspondence,deepseek,commercial_agreement,0.9387,False,True,confident model disagrees
hv-1015-00001-sec-comment-letter-first-round,hv-1015-00001,hv-1015-00001-sec-comment-letter-first-round.v1.txt,1,regulatory_filing,Regulatory Filing or Government Submission,False,regulatory_filing,deepseek,securities_offering_document,0.9384,False,True,confident model disagrees
hv-1002-00002-side-letter-pinnacle-information-rights,hv-1002-00002,hv-1002-00002-side-letter-pinnacle-information-rights.v1.txt,1,commercial_agreement,Commercial or Services Agreement,False,commercial_agreement,deepseek,term_sheet_or_loi,0.9383,False,True,confident model disagrees
hv-1014-00004-expert-prep-memo-ashford,hv-1014-00004,hv-1014-00004-expert-prep-memo-ashford.v1.txt,1,legal_research_memorandum,Legal Research and Advice Memorandum,False,legal_research_memorandum,deepseek,discovery_document,0.9383,False,True,confident model disagrees
hv-1030-00001-tax-regulatory-agreement-certificate,hv-1030-00001,hv-1030-00001-tax-regulatory-agreement-certificate.v1.txt,1,legal_research_memorandum,Legal Research and Advice Memorandum,False,legal_research_memorandum,deepseek,closing_certificate,0.9383,False,True,confident model disagrees
hv-1037-00005-draft-office-action-response-con2,hv-1037-00005,hv-1037-00005-draft-office-action-response-con2.v1.txt,1,legal_research_memorandum,Legal Research and Advice Memorandum,False,legal_research_memorandum,deepseek,regulatory_filing,0.9383,False,True,confident model disagrees
hv-1015-00001-dd-memo-litigation,hv-1015-00001,hv-1015-00001-dd-memo-litigation.v1.txt,1,legal_research_memorandum,Legal Research and Advice Memorandum,False,legal_research_memorandum,deepseek,due_diligence_document,0.9382,False,True,confident model disagrees
hv-1018-00009-matter-status-report-q1-2024,hv-1018-00009,hv-1018-00009-matter-status-report-q1-2024.v1.txt,1,legal_research_memorandum,Legal Research and Advice Memorandum,False,legal_research_memorandum,deepseek,matter_administration_memo,0.9381,False,True,confident model disagrees
hv-1045-00004-brb-responses-document-requests,hv-1045-00004,hv-1045-00004-brb-responses-document-requests.v1.txt,1,discovery_document,"Discovery, Deposition or Expert Material",False,discovery_document,deepseek,motion_or_brief,0.9381,False,True,confident model disagrees
hv-1036-00004-assignment-membership-interests-katy,hv-1036-00004,hv-1036-00004-assignment-membership-interests-katy.v1.txt,1,purchase_agreement,Purchase or Merger Agreement,False,purchase_agreement,deepseek,commercial_agreement,0.9379,False,True,confident model disagrees
hv-1016-00003-collateral-agreement-nigeria,hv-1016-00003,hv-1016-00003-collateral-agreement-nigeria.v1.txt,1,securities_offering_document,Securities Offering Document,False,securities_offering_document,deepseek,legal_opinion_letter,0.9373,False,True,confident model disagrees
hv-1036-00004-assignment-membership-interests-buckhead,hv-1036-00004,hv-1036-00004-assignment-membership-interests-buckhead.v1.txt,1,purchase_agreement,Purchase or Merger Agreement,False,purchase_agreement,deepseek,commercial_agreement,0.9373,False,True,confident model disagrees
hv-1045-00002-independent-consultant-engagement-agreement,hv-1045-00002,hv-1045-00002-independent-consultant-engagement-agreement.v1.txt,1,commercial_agreement,Commercial or Services Agreement,False,commercial_agreement,deepseek,engagement_letter,0.9373,False,True,confident model disagrees
hv-1044-00005-demand-letter-peloros,hv-1044-00005,hv-1044-00005-demand-letter-peloros.v1.txt,1,settlement_agreement,Settlement Agreement and Release,False,settlement_agreement,deepseek,correspondence,0.9369,False,True,confident model disagrees
hv-1013-00004-invoice-3-final-apr-jun-2024,hv-1013-00004,hv-1013-00004-invoice-3-final-apr-jun-2024.v1.txt,1,engagement_letter,Engagement Letter,False,engagement_letter,deepseek,matter_administration_memo,0.9368,False,True,confident model disagrees
hv-1034-00004-client-information-questionnaire,hv-1034-00004,hv-1034-00004-client-information-questionnaire.v1.txt,1,correspondence,Correspondence,False,correspondence,deepseek,matter_administration_memo,0.9367,False,True,confident model disagrees
hv-1045-00002-ridgeline-term-sheet-review-memo,hv-1045-00002,hv-1045-00002-ridgeline-term-sheet-review-memo.v1.txt,1,correspondence,Correspondence,False,correspondence,deepseek,legal_research_memorandum,0.9367,False,True,confident model disagrees
hv-1014-00003-meet-confer-letter-bhs-discovery,hv-1014-00003,hv-1014-00003-meet-confer-letter-bhs-discovery.v1.txt,1,correspondence,Correspondence,False,correspondence,deepseek,discovery_document,0.9362,False,True,confident model disagrees
hv-1009-00007-master-saas-agreement-second-revised,hv-1009-00007,hv-1009-00007-master-saas-agreement-second-revised.v1.txt,1,ip_or_technology_agreement,IP or Technology Agreement,False,ip_or_technology_agreement,deepseek,commercial_agreement,0.9357,False,True,confident model disagrees
hv-1038-00002-compliance-certificate-form,hv-1038-00002,hv-1038-00002-compliance-certificate-form.v1.txt,1,credit_or_financing_agreement,"Credit, Security or Financing Agreement",False,credit_or_financing_agreement,deepseek,closing_certificate,0.9355,False,True,confident model disagrees
hv-1009-00004-dpa,hv-1009-00004,hv-1009-00004-dpa.v1.txt,1,ip_or_technology_agreement,IP or Technology Agreement,False,ip_or_technology_agreement,deepseek,commercial_agreement,0.9353,False,True,confident model disagrees
hv-1017-00008-dpa-voltgraph-analytics,hv-1017-00008,hv-1017-00008-dpa-voltgraph-analytics.v1.txt,1,employment_agreement,Employment and Compensation Agreement,False,employment_agreement,deepseek,commercial_agreement,0.9352,False,True,confident model disagrees
hv-1043-00001-lender-kyc-ofac-certificate-form,hv-1043-00001,hv-1043-00001-lender-kyc-ofac-certificate-form.v1.txt,1,correspondence,Correspondence,False,correspondence,deepseek,closing_certificate,0.9351,False,True,confident model disagrees
hv-1036-00004-assignment-membership-interests-fairfield-i,hv-1036-00004,hv-1036-00004-assignment-membership-interests-fairfield-i.v1.txt,1,purchase_agreement,Purchase or Merger Agreement,False,purchase_agreement,deepseek,commercial_agreement,0.935,False,True,confident model disagrees
hv-1010-00002-form-of-common-stock-certificate,hv-1010-00002,hv-1010-00002-form-of-common-stock-certificate.v1.txt,1,securities_offering_document,Securities Offering Document,False,securities_offering_document,deepseek,closing_certificate,0.9348,False,True,confident model disagrees
hv-1003-00002-mfn-election-notice-form,hv-1003-00002,hv-1003-00002-mfn-election-notice-form.v1.txt,1,matter_administration_memo,Matter Opening or Closing Memorandum,False,matter_administration_memo,deepseek,regulatory_filing,0.9346,False,True,confident model disagrees
hv-1038-00010-state-specific-rights-supplement,hv-1038-00010,hv-1038-00010-state-specific-rights-supplement.v1.txt,1,correspondence,Correspondence,False,correspondence,deepseek,compliance_policy,0.9346,False,True,confident model disagrees
hv-1043-00001-markup-transmittal-letter-credit-agreement,hv-1043-00001,hv-1043-00001-markup-transmittal-letter-credit-agreement.v1.txt,1,engagement_letter,Engagement Letter,False,engagement_letter,deepseek,correspondence,0.9344,False,True,confident model disagrees
hv-1036-00004-psa-exhibit-b-form-assignment-membership-interests,hv-1036-00004,hv-1036-00004-psa-exhibit-b-form-assignment-membership-interests.v1.txt,1,purchase_agreement,Purchase or Merger Agreement,False,purchase_agreement,deepseek,commercial_agreement,0.9343,False,True,confident model disagrees
hv-1046-00001-sponsor-support-agreement,hv-1046-00001,hv-1046-00001-sponsor-support-agreement.v1.txt,1,commercial_agreement,Commercial or Services Agreement,False,commercial_agreement,deepseek,term_sheet_or_loi,0.9338,False,True,confident model disagrees
hv-1009-00007-data-processing-addendum,hv-1009-00007,hv-1009-00007-data-processing-addendum.v1.txt,1,ip_or_technology_agreement,IP or Technology Agreement,False,ip_or_technology_agreement,deepseek,commercial_agreement,0.9336,False,True,confident model disagrees
hv-1009-00007-subprocessor-flow-down-addendum,hv-1009-00007,hv-1009-00007-subprocessor-flow-down-addendum.v1.txt,1,ip_or_technology_agreement,IP or Technology Agreement,False,ip_or_technology_agreement,deepseek,commercial_agreement,0.9336,False,True,confident model disagrees
hv-1015-00001-dtc-eligibility-request,hv-1015-00001,hv-1015-00001-dtc-eligibility-request.v1.txt,1,securities_offering_document,Securities Offering Document,False,securities_offering_document,deepseek,correspondence,0.9333,False,True,confident model disagrees
hv-1022-00003-cooperation-agreement-initial,hv-1022-00003,hv-1022-00003-cooperation-agreement-initial.v1.txt,1,correspondence,Correspondence,False,correspondence,deepseek,confidentiality_agreement,0.9329,False,True,confident model disagrees
hv-1021-00003-stipulation-of-dismissal,hv-1021-00003,hv-1021-00003-stipulation-of-dismissal.v1.txt,1,settlement_agreement,Settlement Agreement and Release,False,settlement_agreement,deepseek,court_order,0.9327,False,True,confident model disagrees
hv-1044-00003-draft-retention-application-sc,hv-1044-00003,hv-1044-00003-draft-retention-application-sc.v1.txt,1,regulatory_filing,Regulatory Filing or Government Submission,False,regulatory_filing,deepseek,motion_or_brief,0.9325,False,True,confident model disagrees
hv-1010-00003-meridian-restructured-facility-access-agreement,hv-1010-00003,hv-1010-00003-meridian-restructured-facility-access-agreement.v1.txt,1,commercial_agreement,Commercial or Services Agreement,False,commercial_agreement,deepseek,real_property_agreement,0.9319,False,True,confident model disagrees
hv-1021-00006-summons-randall-brecker,hv-1021-00006,hv-1021-00006-summons-randall-brecker.v1.txt,1,correspondence,Correspondence,False,correspondence,deepseek,pleading,0.9319,False,True,confident model disagrees
hv-1036-00001-financing-alternatives-analysis-memo,hv-1036-00001,hv-1036-00001-financing-alternatives-analysis-memo.v1.txt,1,engagement_letter,Engagement Letter,False,engagement_letter,deepseek,legal_research_memorandum,0.9318,False,True,confident model disagrees
hv-1044-00006-tsl-responses-rfp,hv-1044-00006,hv-1044-00006-tsl-responses-rfp.v1.txt,1,discovery_document,"Discovery, Deposition or Expert Material",False,discovery_document,deepseek,motion_or_brief,0.9317,False,True,confident model disagrees
hv-1007-00008-draft-amendment-1-to-meslsa,hv-1007-00008,hv-1007-00008-draft-amendment-1-to-meslsa.v1.txt,1,ip_or_technology_agreement,IP or Technology Agreement,False,ip_or_technology_agreement,deepseek,commercial_agreement,0.9316,False,True,confident model disagrees
hv-1006-00003-phase-i-review-memo-charleroi,hv-1006-00003,hv-1006-00003-phase-i-review-memo-charleroi.v1.txt,1,due_diligence_document,Due Diligence Request List or Report,False,due_diligence_document,deepseek,legal_research_memorandum,0.9313,False,True,confident model disagrees
hv-1037-00004-stipulation-dismissal-filed-version,hv-1037-00004,hv-1037-00004-stipulation-dismissal-filed-version.v1.txt,1,settlement_agreement,Settlement Agreement and Release,False,settlement_agreement,deepseek,court_order,0.931,False,True,confident model disagrees
hv-1026-00003-insurance-review-memo,hv-1026-00003,hv-1026-00003-insurance-review-memo.v1.txt,1,conflict_check_memorandum,Conflicts Check Memorandum,False,conflict_check_memorandum,deepseek,legal_research_memorandum,0.9309,False,True,confident model disagrees
hv-1044-00006-proposed-stipulation-of-discontinuance,hv-1044-00006,hv-1044-00006-proposed-stipulation-of-discontinuance.v1.txt,1,matter_administration_memo,Matter Opening or Closing Memorandum,False,matter_administration_memo,deepseek,court_order,0.9306,False,True,confident model disagrees
hv-1022-00005-letter-osei-to-deluca-discovery-deficiencies,hv-1022-00005,hv-1022-00005-letter-osei-to-deluca-discovery-deficiencies.v1.txt,1,discovery_document,"Discovery, Deposition or Expert Material",False,discovery_document,deepseek,correspondence,0.9305,False,True,confident model disagrees
hv-1011-00002-letter-to-committee-counsel-plan-positions,hv-1011-00002,hv-1011-00002-letter-to-committee-counsel-plan-positions.v1.txt,1,legal_research_memorandum,Legal Research and Advice Memorandum,False,legal_research_memorandum,deepseek,correspondence,0.9302,False,True,confident model disagrees
hv-1007-00008-redline-draft-amendment-1-mct-counterproposals,hv-1007-00008,hv-1007-00008-redline-draft-amendment-1-mct-counterproposals.v1.txt,1,ip_or_technology_agreement,IP or Technology Agreement,False,ip_or_technology_agreement,deepseek,commercial_agreement,0.93,False,True,confident model disagrees
hv-1035-00005-letter-bos-demand-original-prenup,hv-1035-00005,hv-1035-00005-letter-bos-demand-original-prenup.v1.txt,1,discovery_document,"Discovery, Deposition or Expert Material",False,discovery_document,deepseek,correspondence,0.93,False,True,confident model disagrees
hv-1005-00001-bring-down-good-standing-lien-search-confirmation,hv-1005-00001,hv-1005-00001-bring-down-good-standing-lien-search-confirmation.v1.txt,1,legal_research_memorandum,Legal Research and Advice Memorandum,False,legal_research_memorandum,deepseek,matter_administration_memo,0.9298,False,True,confident model disagrees
hv-1007-00005-ltsa-amendment-no-3,hv-1007-00005,hv-1007-00005-ltsa-amendment-no-3.v1.txt,1,correspondence,Correspondence,False,correspondence,deepseek,commercial_agreement,0.9298,False,True,confident model disagrees
hv-1043-00002-equity-contribution-agreement,hv-1043-00002,hv-1043-00002-equity-contribution-agreement.v1.txt,1,credit_or_financing_agreement,"Credit, Security or Financing Agreement",False,credit_or_financing_agreement,deepseek,purchase_agreement,0.9297,False,True,confident model disagrees
hv-1019-00004-castellan-edd-risk-assessment,hv-1019-00004,hv-1019-00004-castellan-edd-risk-assessment.v1.txt,1,matter_administration_memo,Matter Opening or Closing Memorandum,False,matter_administration_memo,deepseek,legal_research_memorandum,0.9295,False,True,confident model disagrees
hv-1036-00005-jv-agreement-redline-nov-2025,hv-1036-00005,hv-1036-00005-jv-agreement-redline-nov-2025.v1.txt,1,commercial_agreement,Commercial or Services Agreement,False,commercial_agreement,deepseek,organizational_document,0.9293,False,True,confident model disagrees
hv-1003-00005-representation-letter-second-draft,hv-1003-00005,hv-1003-00005-representation-letter-second-draft.v1.txt,1,engagement_letter,Engagement Letter,False,engagement_letter,deepseek,matter_administration_memo,0.9291,False,True,confident model disagrees
hv-1034-00003-mediation-statement-confidential,hv-1034-00003,hv-1034-00003-mediation-statement-confidential.v1.txt,1,unclassified,Unclassified,False,unclassified,deepseek,motion_or_brief,0.9291,False,True,deepseek returned no label
hv-1027-00003-joint-stipulation-of-dismissal,hv-1027-00003,hv-1027-00003-joint-stipulation-of-dismissal.v1.txt,1,settlement_agreement,Settlement Agreement and Release,False,settlement_agreement,deepseek,court_order,0.929,False,True,confident model disagrees
hv-1015-00005-capital-contribution-agreement,hv-1015-00005,hv-1015-00005-capital-contribution-agreement.v1.txt,1,credit_or_financing_agreement,"Credit, Security or Financing Agreement",False,credit_or_financing_agreement,deepseek,purchase_agreement,0.9289,False,True,confident model disagrees
hv-1021-00006-final-notice-of-material-breach,hv-1021-00006,hv-1021-00006-final-notice-of-material-breach.v1.txt,1,motion_or_brief,Motion or Brief,False,motion_or_brief,deepseek,correspondence,0.9289,False,True,confident model disagrees
hv-1014-00004-comparable-license-analysis,hv-1014-00004,hv-1014-00004-comparable-license-analysis.v1.txt,1,correspondence,Correspondence,False,correspondence,deepseek,legal_research_memorandum,0.9287,False,True,confident model disagrees
hv-1028-00001-answer-to-cross-complaint,hv-1028-00001,hv-1028-00001-answer-to-cross-complaint.v1.txt,1,discovery_document,"Discovery, Deposition or Expert Material",False,discovery_document,deepseek,pleading,0.928,False,True,confident model disagrees
hv-1017-00004-evidentiary-objections-rennick,hv-1017-00004,hv-1017-00004-evidentiary-objections-rennick.v1.txt,1,motion_or_brief,Motion or Brief,False,motion_or_brief,deepseek,discovery_document,0.9276,False,True,confident model disagrees
hv-1015-00005-insurance-compliance-certificate,hv-1015-00005,hv-1015-00005-insurance-compliance-certificate.v1.txt,1,legal_opinion_letter,Legal Opinion Letter,False,legal_opinion_letter,deepseek,closing_certificate,0.9274,False,True,confident model disagrees
hv-1044-00001-supporting-documentation-package-uae,hv-1044-00001,hv-1044-00001-supporting-documentation-package-uae.v1.txt,1,closing_document_index,Closing Checklist or Binder Index,False,closing_document_index,deepseek,regulatory_filing,0.9274,False,True,confident model disagrees
hv-1037-00002-client-status-report-template,hv-1037-00002,hv-1037-00002-client-status-report-template.v1.txt,1,correspondence,Correspondence,False,correspondence,deepseek,matter_administration_memo,0.9271,False,True,confident model disagrees
hv-1020-00004-permit-status-certification-to-lender,hv-1020-00004,hv-1020-00004-permit-status-certification-to-lender.v1.txt,1,legal_opinion_letter,Legal Opinion Letter,False,legal_opinion_letter,deepseek,regulatory_filing,0.927,False,True,confident model disagrees
hv-1010-00003-revised-ic-medical-director-agreement-template,hv-1010-00003,hv-1010-00003-revised-ic-medical-director-agreement-template.v1.txt,1,employment_agreement,Employment and Compensation Agreement,False,employment_agreement,deepseek,commercial_agreement,0.9269,False,True,confident model disagrees
hv-1003-00003-debt-commitment-letter,hv-1003-00003,hv-1003-00003-debt-commitment-letter.v1.txt,1,securities_offering_document,Securities Offering Document,False,securities_offering_document,deepseek,term_sheet_or_loi,0.9267,False,True,confident model disagrees
hv-1022-00004-meeting-notes-principals-aug-26,hv-1022-00004,hv-1022-00004-meeting-notes-principals-aug-26.v1.txt,1,legal_research_memorandum,Legal Research and Advice Memorandum,False,legal_research_memorandum,deepseek,board_or_stockholder_consent,0.9267,False,True,confident model disagrees
hv-1002-00003-mfn-election-form-template,hv-1002-00003,hv-1002-00003-mfn-election-form-template.v1.txt,1,engagement_letter,Engagement Letter,False,engagement_letter,deepseek,regulatory_filing,0.9261,False,True,confident model disagrees
hv-1037-00005-internal-docket-reactivation-memo,hv-1037-00005,hv-1037-00005-internal-docket-reactivation-memo.v1.txt,1,conflict_check_memorandum,Conflicts Check Memorandum,False,conflict_check_memorandum,deepseek,legal_research_memorandum,0.9261,False,True,confident model disagrees
hv-1032-00003-draft-meridian-pre-effective-letter,hv-1032-00003,hv-1032-00003-draft-meridian-pre-effective-letter.v1.txt,1,engagement_letter,Engagement Letter,False,engagement_letter,deepseek,term_sheet_or_loi,0.926,False,True,confident model disagrees
hv-1035-00005-petition-preliminary-distribution-life-insurance,hv-1035-00005,hv-1035-00005-petition-preliminary-distribution-life-insurance.v1.txt,1,motion_or_brief,Motion or Brief,False,motion_or_brief,deepseek,court_order,0.9257,False,True,confident model disagrees
hv-1010-00004-memo-fr-markup-summary-and-recommendations,hv-1010-00004,hv-1010-00004-memo-fr-markup-summary-and-recommendations.v1.txt,1,employment_agreement,Employment and Compensation Agreement,False,employment_agreement,deepseek,legal_research_memorandum,0.9256,False,True,confident model disagrees
hv-1018-00001-lock-up-waiver-request-ridgeline,hv-1018-00001,hv-1018-00001-lock-up-waiver-request-ridgeline.v1.txt,1,securities_offering_document,Securities Offering Document,False,securities_offering_document,deepseek,correspondence,0.9256,False,True,confident model disagrees
hv-1033-00005-negotiation-issues-memo,hv-1033-00005,hv-1033-00005-negotiation-issues-memo.v1.txt,1,employment_agreement,Employment and Compensation Agreement,False,employment_agreement,deepseek,legal_research_memorandum,0.9256,False,True,confident model disagrees
hv-1025-00006-substitute-notice-website-posting,hv-1025-00006,hv-1025-00006-substitute-notice-website-posting.v1.txt,1,regulatory_filing,Regulatory Filing or Government Submission,False,regulatory_filing,deepseek,correspondence,0.9252,False,True,confident model disagrees
hv-1018-00007-client-advisory-court-decision,hv-1018-00007,hv-1018-00007-client-advisory-court-decision.v1.txt,1,legal_research_memorandum,Legal Research and Advice Memorandum,False,legal_research_memorandum,deepseek,correspondence,0.925,False,True,confident model disagrees
hv-1014-00001-deal-summary-memo,hv-1014-00001,hv-1014-00001-deal-summary-memo.v1.txt,1,securities_offering_document,Securities Offering Document,False,securities_offering_document,deepseek,legal_research_memorandum,0.9248,False,True,confident model disagrees
hv-1036-00004-consent-request-letter-sycamore,hv-1036-00004,hv-1036-00004-consent-request-letter-sycamore.v1.txt,1,legal_opinion_letter,Legal Opinion Letter,False,legal_opinion_letter,deepseek,correspondence,0.9246,False,True,confident model disagrees
hv-1038-00004-ag-draft-avc,hv-1038-00004,hv-1038-00004-ag-draft-avc.v1.txt,1,correspondence,Correspondence,False,correspondence,deepseek,legal_research_memorandum,0.9246,False,True,confident model disagrees
hv-1025-00005-initial-case-assessment-memorandum,hv-1025-00005,hv-1025-00005-initial-case-assessment-memorandum.v1.txt,1,legal_research_memorandum,Legal Research and Advice Memorandum,False,legal_research_memorandum,deepseek,case_assessment_memo,0.9245,False,True,confident model disagrees
hv-1039-00001-do-coverage-analysis-memo,hv-1039-00001,hv-1039-00001-do-coverage-analysis-memo.v1.txt,1,case_assessment_memo,Case Assessment or Settlement Memorandum,False,case_assessment_memo,deepseek,legal_research_memorandum,0.9245,False,True,confident model disagrees
hv-1044-00001-instruction-northcape-valuation,hv-1044-00001,hv-1044-00001-instruction-northcape-valuation.v1.txt,1,engagement_letter,Engagement Letter,False,engagement_letter,deepseek,correspondence,0.9245,False,True,confident model disagrees
hv-1002-00005-cv-lpa-tax-provisions,hv-1002-00005,hv-1002-00005-cv-lpa-tax-provisions.v1.txt,1,matter_administration_memo,Matter Opening or Closing Memorandum,False,matter_administration_memo,deepseek,organizational_document,0.9244,False,True,confident model disagrees
hv-1001-00001-ftc-early-termination-notice-annotated,hv-1001-00001,hv-1001-00001-ftc-early-termination-notice-annotated.v1.txt,1,regulatory_filing,Regulatory Filing or Government Submission,False,regulatory_filing,deepseek,matter_administration_memo,0.9243,False,True,confident model disagrees
hv-1022-00004-memo-remaining-gaps-post-principals,hv-1022-00004,hv-1022-00004-memo-remaining-gaps-post-principals.v1.txt,1,employment_agreement,Employment and Compensation Agreement,False,employment_agreement,deepseek,legal_research_memorandum,0.9241,False,True,confident model disagrees
hv-1038-00009-economic-expert-report-summary,hv-1038-00009,hv-1038-00009-economic-expert-report-summary.v1.txt,1,regulatory_filing,Regulatory Filing or Government Submission,False,regulatory_filing,deepseek,legal_research_memorandum,0.9239,False,True,confident model disagrees
hv-1014-00003-retainer-replenishment-letters,hv-1014-00003,hv-1014-00003-retainer-replenishment-letters.v1.txt,1,correspondence,Correspondence,False,correspondence,deepseek,engagement_letter,0.9237,False,True,confident model disagrees
hv-1017-00006-assignment-of-membership-interests,hv-1017-00006,hv-1017-00006-assignment-of-membership-interests.v1.txt,1,purchase_agreement,Purchase or Merger Agreement,False,purchase_agreement,deepseek,commercial_agreement,0.9237,False,True,confident model disagrees
hv-1039-00001-compliance-program-design-memo,hv-1039-00001,hv-1039-00001-compliance-program-design-memo.v1.txt,1,compliance_policy,Compliance Policy or Procedure,False,compliance_policy,deepseek,legal_research_memorandum,0.9237,False,True,confident model disagrees
hv-1006-00002-application-retain-aldersgate,hv-1006-00002,hv-1006-00002-application-retain-aldersgate.v1.txt,1,correspondence,Correspondence,False,correspondence,deepseek,motion_or_brief,0.9234,False,True,confident model disagrees
hv-1017-00004-response-to-class-member-objections,hv-1017-00004,hv-1017-00004-response-to-class-member-objections.v1.txt,1,motion_or_brief,Motion or Brief,False,motion_or_brief,deepseek,pleading,0.9234,False,True,confident model disagrees
hv-1003-00003-letter-of-transmittal-form,hv-1003-00003,hv-1003-00003-letter-of-transmittal-form.v1.txt,1,securities_offering_document,Securities Offering Document,False,securities_offering_document,deepseek,correspondence,0.9231,False,True,confident model disagrees
hv-1014-00001-purchase-agreement-first,hv-1014-00001,hv-1014-00001-purchase-agreement-first.v1.txt,1,unclassified,Unclassified,False,unclassified,deepseek,purchase_agreement,0.9225,False,True,deepseek returned no label
hv-1005-00005-answer-and-affirmative-defenses,hv-1005-00005,hv-1005-00005-answer-and-affirmative-defenses.v1.txt,1,motion_or_brief,Motion or Brief,False,motion_or_brief,deepseek,pleading,0.9224,False,True,confident model disagrees
hv-1022-00005-answer-draft,hv-1022-00005,hv-1022-00005-answer-draft.v1.txt,1,correspondence,Correspondence,False,correspondence,deepseek,pleading,0.9223,False,True,confident model disagrees
hv-1041-00005-insurance-broker-notification-letter,hv-1041-00005,hv-1041-00005-insurance-broker-notification-letter.v1.txt,1,regulatory_filing,Regulatory Filing or Government Submission,False,regulatory_filing,deepseek,correspondence,0.9222,False,True,confident model disagrees
hv-1017-00004-evidentiary-objections-named-plaintiffs,hv-1017-00004,hv-1017-00004-evidentiary-objections-named-plaintiffs.v1.txt,1,motion_or_brief,Motion or Brief,False,motion_or_brief,deepseek,discovery_document,0.9221,False,True,confident model disagrees
hv-1008-00009-individual-notification-letter-template-us,hv-1008-00009,hv-1008-00009-individual-notification-letter-template-us.v1.txt,1,engagement_letter,Engagement Letter,False,engagement_letter,deepseek,correspondence,0.9219,False,True,confident model disagrees
hv-1025-00007-performance-guaranty-execution-draft,hv-1025-00007,hv-1025-00007-performance-guaranty-execution-draft.v1.txt,1,securities_offering_document,Securities Offering Document,False,securities_offering_document,deepseek,credit_or_financing_agreement,0.9219,False,True,confident model disagrees
hv-1045-00007-rolling-production-cover-letters,hv-1045-00007,hv-1045-00007-rolling-production-cover-letters.v1.txt,1,regulatory_filing,Regulatory Filing or Government Submission,False,regulatory_filing,deepseek,correspondence,0.9219,False,True,confident model disagrees
hv-1036-00004-title-policy-issuance-confirmation-memo,hv-1036-00004,hv-1036-00004-title-policy-issuance-confirmation-memo.v1.txt,1,matter_administration_memo,Matter Opening or Closing Memorandum,False,matter_administration_memo,deepseek,legal_research_memorandum,0.9218,False,True,confident model disagrees
hv-1017-00005-interview-memo-marcus-hale,hv-1017-00005,hv-1017-00005-interview-memo-marcus-hale.v1.txt,1,discovery_document,"Discovery, Deposition or Expert Material",False,discovery_document,deepseek,legal_research_memorandum,0.9216,False,True,confident model disagrees
hv-1010-00002-sec-comment-response-round-1,hv-1010-00002,hv-1010-00002-sec-comment-response-round-1.v1.txt,1,regulatory_filing,Regulatory Filing or Government Submission,False,regulatory_filing,deepseek,securities_offering_document,0.9213,False,True,confident model disagrees
hv-1003-00003-stockholder-support-agreement,hv-1003-00003,hv-1003-00003-stockholder-support-agreement.v1.txt,1,unclassified,Unclassified,False,unclassified,deepseek,term_sheet_or_loi,0.9207,False,True,deepseek returned no label
hv-1044-00002-agreed-terms-summary-memo,hv-1044-00002,hv-1044-00002-agreed-terms-summary-memo.v1.txt,1,correspondence,Correspondence,False,correspondence,deepseek,legal_research_memorandum,0.9206,False,True,confident model disagrees
hv-1034-00004-grat-c-schedule-a-funded-property,hv-1034-00004,hv-1034-00004-grat-c-schedule-a-funded-property.v1.txt,1,organizational_document,"Charter, Bylaws or Organizational Document",False,organizational_document,deepseek,credit_or_financing_agreement,0.9205,False,True,confident model disagrees
hv-1036-00001-rate-lock-deposit-side-letter,hv-1036-00001,hv-1036-00001-rate-lock-deposit-side-letter.v1.txt,1,correspondence,Correspondence,False,correspondence,deepseek,term_sheet_or_loi,0.9203,False,True,confident model disagrees
hv-1012-00004-damages-exposure-analysis-memorandum,hv-1012-00004,hv-1012-00004-damages-exposure-analysis-memorandum.v1.txt,1,matter_administration_memo,Matter Opening or Closing Memorandum,False,matter_administration_memo,deepseek,legal_research_memorandum,0.9202,False,True,confident model disagrees
hv-1018-00009-hazards-of-litigation-memo,hv-1018-00009,hv-1018-00009-hazards-of-litigation-memo.v1.txt,1,case_assessment_memo,Case Assessment or Settlement Memorandum,False,case_assessment_memo,deepseek,legal_research_memorandum,0.9198,False,True,confident model disagrees
hv-1044-00002-memo-mab-withdrawal-analysis,hv-1044-00002,hv-1044-00002-memo-mab-withdrawal-analysis.v1.txt,1,matter_administration_memo,Matter Opening or Closing Memorandum,False,matter_administration_memo,deepseek,legal_research_memorandum,0.9195,False,True,confident model disagrees
hv-1021-00001-survey-flood-certification-summary,hv-1021-00001,hv-1021-00001-survey-flood-certification-summary.v1.txt,1,securities_offering_document,Securities Offering Document,False,securities_offering_document,deepseek,legal_research_memorandum,0.9191,False,True,confident model disagrees
hv-1017-00005-interview-memo-cameron-briggs,hv-1017-00005,hv-1017-00005-interview-memo-cameron-briggs.v1.txt,1,correspondence,Correspondence,False,correspondence,deepseek,legal_research_memorandum,0.9189,False,True,confident model disagrees
hv-1045-00002-cmp-payment-logistics-memorandum,hv-1045-00002,hv-1045-00002-cmp-payment-logistics-memorandum.v1.txt,1,regulatory_filing,Regulatory Filing or Government Submission,False,regulatory_filing,deepseek,legal_research_memorandum,0.9189,False,True,confident model disagrees
hv-1001-00007-granton-payoff-letter,hv-1001-00007,hv-1001-00007-granton-payoff-letter.v1.txt,1,correspondence,Correspondence,False,correspondence,deepseek,legal_opinion_letter,0.9188,False,True,confident model disagrees
hv-1036-00004-consent-request-letter-pinnacle,hv-1036-00004,hv-1036-00004-consent-request-letter-pinnacle.v1.txt,1,engagement_letter,Engagement Letter,False,engagement_letter,deepseek,correspondence,0.9185,False,True,confident model disagrees
hv-1025-00006-supplemental-submission-multistate-ag,hv-1025-00006,hv-1025-00006-supplemental-submission-multistate-ag.v1.txt,1,regulatory_filing,Regulatory Filing or Government Submission,False,regulatory_filing,deepseek,correspondence,0.9184,False,True,confident model disagrees
hv-1039-00003-performance-standards-completion-criteria-memo,hv-1039-00003,hv-1039-00003-performance-standards-completion-criteria-memo.v1.txt,1,compliance_policy,Compliance Policy or Procedure,False,compliance_policy,deepseek,legal_research_memorandum,0.9184,False,True,confident model disagrees
hv-1025-00007-receivables-sale-agreement-execution-draft,hv-1025-00007,hv-1025-00007-receivables-sale-agreement-execution-draft.v1.txt,1,purchase_agreement,Purchase or Merger Agreement,False,purchase_agreement,deepseek,credit_or_financing_agreement,0.9183,False,True,confident model disagrees
hv-1003-00002-side-letter-edgecombe-insurance,hv-1003-00002,hv-1003-00002-side-letter-edgecombe-insurance.v1.txt,1,commercial_agreement,Commercial or Services Agreement,False,commercial_agreement,deepseek,term_sheet_or_loi,0.9181,False,True,confident model disagrees
hv-1002-00003-side-letter-northstar-endowment-initial,hv-1002-00003,hv-1002-00003-side-letter-northstar-endowment-initial.v1.txt,1,employment_agreement,Employment and Compensation Agreement,False,employment_agreement,deepseek,term_sheet_or_loi,0.918,False,True,confident model disagrees
hv-1016-00004-first-production-cover-letter,hv-1016-00004,hv-1016-00004-first-production-cover-letter.v1.txt,1,regulatory_filing,Regulatory Filing or Government Submission,False,regulatory_filing,deepseek,correspondence,0.9177,False,True,confident model disagrees
hv-1033-00002-rule-462b-registration-statement,hv-1033-00002,hv-1033-00002-rule-462b-registration-statement.v1.txt,1,regulatory_filing,Regulatory Filing or Government Submission,False,regulatory_filing,deepseek,securities_offering_document,0.9175,False,True,confident model disagrees
hv-1009-00007-master-saas-agreement-initial,hv-1009-00007,hv-1009-00007-master-saas-agreement-initial.v1.txt,1,ip_or_technology_agreement,IP or Technology Agreement,False,ip_or_technology_agreement,deepseek,commercial_agreement,0.9173,False,True,confident model disagrees
hv-1025-00008-third-redline-mdla-july-2023,hv-1025-00008,hv-1025-00008-third-redline-mdla-july-2023.v1.txt,1,correspondence,Correspondence,False,correspondence,deepseek,ip_or_technology_agreement,0.9171,False,True,confident model disagrees
hv-1045-00003-board-governance-gap-analysis-memo,hv-1045-00003,hv-1045-00003-board-governance-gap-analysis-memo.v1.txt,1,compliance_policy,Compliance Policy or Procedure,False,compliance_policy,deepseek,legal_research_memorandum,0.9169,False,True,confident model disagrees
hv-1017-00003-insurance-coverage-analysis,hv-1017-00003,hv-1017-00003-insurance-coverage-analysis.v1.txt,1,case_assessment_memo,Case Assessment or Settlement Memorandum,False,case_assessment_memo,deepseek,legal_research_memorandum,0.9168,False,True,confident model disagrees
hv-1032-00004-pre-filing-coordination-letter-wg,hv-1032-00004,hv-1032-00004-pre-filing-coordination-letter-wg.v1.txt,1,correspondence,Correspondence,False,correspondence,deepseek,regulatory_filing,0.9168,False,True,confident model disagrees
hv-1020-00002-consent-letter-prairie-state,hv-1020-00002,hv-1020-00002-consent-letter-prairie-state.v1.txt,1,credit_or_financing_agreement,"Credit, Security or Financing Agreement",False,credit_or_financing_agreement,deepseek,correspondence,0.9164,False,True,confident model disagrees
hv-1039-00001-post-npa-compliance-obligations-summary,hv-1039-00001,hv-1039-00001-post-npa-compliance-obligations-summary.v1.txt,1,regulatory_filing,Regulatory Filing or Government Submission,False,regulatory_filing,deepseek,legal_research_memorandum,0.9163,False,True,confident model disagrees
hv-1013-00003-transaction-summary-memo,hv-1013-00003,hv-1013-00003-transaction-summary-memo.v1.txt,1,matter_administration_memo,Matter Opening or Closing Memorandum,False,matter_administration_memo,deepseek,legal_research_memorandum,0.9157,False,True,confident model disagrees
hv-1022-00004-memo-lessons-learned,hv-1022-00004,hv-1022-00004-memo-lessons-learned.v1.txt,1,employment_agreement,Employment and Compensation Agreement,False,employment_agreement,deepseek,legal_research_memorandum,0.9157,False,True,confident model disagrees
hv-1036-00004-lender-consent-ridgemont,hv-1036-00004,hv-1036-00004-lender-consent-ridgemont.v1.txt,1,employment_agreement,Employment and Compensation Agreement,False,employment_agreement,deepseek,legal_opinion_letter,0.9157,False,True,confident model disagrees
hv-1021-00007-survey-review-memo,hv-1021-00007,hv-1021-00007-survey-review-memo.v1.txt,1,correspondence,Correspondence,False,correspondence,deepseek,legal_research_memorandum,0.9155,False,True,confident model disagrees
hv-1005-00004-answer-and-affirmative-defenses,hv-1005-00004,hv-1005-00004-answer-and-affirmative-defenses.v1.txt,1,motion_or_brief,Motion or Brief,False,motion_or_brief,deepseek,pleading,0.9151,False,True,confident model disagrees
hv-1002-00003-side-letter-crestview-family-office-initial,hv-1002-00003,hv-1002-00003-side-letter-crestview-family-office-initial.v1.txt,1,correspondence,Correspondence,False,correspondence,deepseek,term_sheet_or_loi,0.9147,False,True,confident model disagrees
hv-1036-00005-gmp-contract-review-memo,hv-1036-00005,hv-1036-00005-gmp-contract-review-memo.v1.txt,1,legal_research_memorandum,Legal Research and Advice Memorandum,False,legal_research_memorandum,deepseek,case_assessment_memo,0.9147,False,True,confident model disagrees
hv-1007-00008-meslsa-exhibit-b-fee-schedule,hv-1007-00008,hv-1007-00008-meslsa-exhibit-b-fee-schedule.v1.txt,1,ip_or_technology_agreement,IP or Technology Agreement,False,ip_or_technology_agreement,deepseek,commercial_agreement,0.9146,False,True,confident model disagrees
hv-1033-00006-success-premium-calculation-memo,hv-1033-00006,hv-1033-00006-success-premium-calculation-memo.v1.txt,1,matter_administration_memo,Matter Opening or Closing Memorandum,False,matter_administration_memo,deepseek,legal_research_memorandum,0.9142,False,True,confident model disagrees
hv-1017-00004-mpa-opposition-class-certification,hv-1017-00004,hv-1017-00004-mpa-opposition-class-certification.v1.txt,1,motion_or_brief,Motion or Brief,False,motion_or_brief,deepseek,pleading,0.9126,False,True,confident model disagrees
hv-1014-00005-dormancy-acknowledgment-letter,hv-1014-00005,hv-1014-00005-dormancy-acknowledgment-letter.v1.txt,1,matter_administration_memo,Matter Opening or Closing Memorandum,False,matter_administration_memo,deepseek,correspondence,0.9125,False,True,confident model disagrees
hv-1012-00002-letter-of-transmittal-form,hv-1012-00002,hv-1012-00002-letter-of-transmittal-form.v1.txt,1,securities_offering_document,Securities Offering Document,False,securities_offering_document,deepseek,correspondence,0.912,False,True,confident model disagrees
hv-1016-00003-theron-moss-senegalese-opinion,hv-1016-00003,hv-1016-00003-theron-moss-senegalese-opinion.v1.txt,1,correspondence,Correspondence,False,correspondence,deepseek,regulatory_filing,0.912,False,True,confident model disagrees
hv-1016-00009-letter-to-calloway-subpoena-ack-extension,hv-1016-00009,hv-1016-00009-letter-to-calloway-subpoena-ack-extension.v1.txt,1,regulatory_filing,Regulatory Filing or Government Submission,False,regulatory_filing,deepseek,correspondence,0.9114,False,True,confident model disagrees
hv-1036-00004-foreign-qualification-filings-five-states,hv-1036-00004,hv-1036-00004-foreign-qualification-filings-five-states.v1.txt,1,matter_administration_memo,Matter Opening or Closing Memorandum,False,matter_administration_memo,deepseek,regulatory_filing,0.9114,False,True,confident model disagrees
hv-1041-00004-material-contracts-review-memo,hv-1041-00004,hv-1041-00004-material-contracts-review-memo.v1.txt,1,due_diligence_document,Due Diligence Request List or Report,False,due_diligence_document,deepseek,legal_research_memorandum,0.9112,False,True,confident model disagrees
hv-1031-00002-pre-filed-testimony-mosley,hv-1031-00002,hv-1031-00002-pre-filed-testimony-mosley.v1.txt,1,regulatory_filing,Regulatory Filing or Government Submission,False,regulatory_filing,deepseek,discovery_document,0.9106,False,True,confident model disagrees
hv-1033-00002-pricing-committee-resolutions,hv-1033-00002,hv-1033-00002-pricing-committee-resolutions.v1.txt,1,board_or_stockholder_consent,Board or Stockholder Resolution and Minutes,False,board_or_stockholder_consent,deepseek,engagement_letter,0.9104,False,True,confident model disagrees
hv-1031-00003-status-inquiry-letter-fourth,hv-1031-00003,hv-1031-00003-status-inquiry-letter-fourth.v1.txt,1,regulatory_filing,Regulatory Filing or Government Submission,False,regulatory_filing,deepseek,correspondence,0.9103,False,True,confident model disagrees
hv-1006-00003-phase-ii-results-analysis-mckeesport,hv-1006-00003,hv-1006-00003-phase-ii-results-analysis-mckeesport.v1.txt,1,correspondence,Correspondence,False,correspondence,deepseek,legal_research_memorandum,0.9101,False,True,confident model disagrees
hv-1009-00003-company-stockholder-support-agreement,hv-1009-00003,hv-1009-00003-company-stockholder-support-agreement.v1.txt,1,purchase_agreement,Purchase or Merger Agreement,False,purchase_agreement,deepseek,term_sheet_or_loi,0.9098,False,True,confident model disagrees
hv-1044-00006-client-update-memo-mediation-result,hv-1044-00006,hv-1044-00006-client-update-memo-mediation-result.v1.txt,1,case_assessment_memo,Case Assessment or Settlement Memorandum,False,case_assessment_memo,deepseek,settlement_agreement,0.9096,False,True,confident model disagrees
hv-1009-00003-bca-amendment-no-1-form,hv-1009-00003,hv-1009-00003-bca-amendment-no-1-form.v1.txt,1,correspondence,Correspondence,False,correspondence,deepseek,purchase_agreement,0.9093,False,True,confident model disagrees
hv-1016-00006-site-access-cost-sharing-agreement,hv-1016-00006,hv-1016-00006-site-access-cost-sharing-agreement.v1.txt,1,commercial_agreement,Commercial or Services Agreement,False,commercial_agreement,deepseek,real_property_agreement,0.9087,False,True,confident model disagrees
hv-1032-00007-first-production-cover-letter,hv-1032-00007,hv-1032-00007-first-production-cover-letter.v1.txt,1,regulatory_filing,Regulatory Filing or Government Submission,False,regulatory_filing,deepseek,correspondence,0.9087,False,True,confident model disagrees
hv-1039-00003-independent-monitor-agreement,hv-1039-00003,hv-1039-00003-independent-monitor-agreement.v2.txt,2,commercial_agreement,Commercial or Services Agreement,False,commercial_agreement,deepseek,regulatory_filing,0.9087,False,True,confident model disagrees
hv-1014-00006-source-code-escrow-agreement,hv-1014-00006,hv-1014-00006-source-code-escrow-agreement.v1.txt,1,correspondence,Correspondence,False,correspondence,deepseek,ip_or_technology_agreement,0.9083,False,True,confident model disagrees
hv-1045-00002-consolidated-bsa-aml-sanctions-policy-index,hv-1045-00002,hv-1045-00002-consolidated-bsa-aml-sanctions-policy-index.v1.txt,1,correspondence,Correspondence,False,correspondence,deepseek,regulatory_filing,0.9083,False,True,confident model disagrees
hv-1034-00004-ilit-trust-agreement,hv-1034-00004,hv-1034-00004-ilit-trust-agreement.v1.txt,1,organizational_document,"Charter, Bylaws or Organizational Document",False,organizational_document,deepseek,credit_or_financing_agreement,0.9081,False,True,confident model disagrees
hv-1036-00005-environmental-review-memorandum,hv-1036-00005,hv-1036-00005-environmental-review-memorandum.v1.txt,1,due_diligence_document,Due Diligence Request List or Report,False,due_diligence_document,deepseek,legal_research_memorandum,0.9078,False,True,confident model disagrees
hv-1037-00002-regulatory-strategy-memorandum,hv-1037-00002,hv-1037-00002-regulatory-strategy-memorandum.v1.txt,1,matter_administration_memo,Matter Opening or Closing Memorandum,False,matter_administration_memo,deepseek,legal_research_memorandum,0.9078,False,True,confident model disagrees
hv-1045-00001-reliance-letter,hv-1045-00001,hv-1045-00001-reliance-letter.v1.txt,1,securities_offering_document,Securities Offering Document,False,securities_offering_document,deepseek,legal_opinion_letter,0.9072,False,True,confident model disagrees
hv-1044-00006-rebuttal-strategy-memo,hv-1044-00006,hv-1044-00006-rebuttal-strategy-memo.v1.txt,1,legal_research_memorandum,Legal Research and Advice Memorandum,False,legal_research_memorandum,deepseek,discovery_document,0.9065,False,True,confident model disagrees
hv-1003-00004-debt-commitment-letter,hv-1003-00004,hv-1003-00004-debt-commitment-letter.v1.txt,1,correspondence,Correspondence,False,correspondence,deepseek,term_sheet_or_loi,0.9062,False,True,confident model disagrees
hv-1033-00001-cost-of-capital-comparison-memo,hv-1033-00001,hv-1033-00001-cost-of-capital-comparison-memo.v1.txt,1,term_sheet_or_loi,Term Sheet or Letter of Intent,False,term_sheet_or_loi,deepseek,legal_research_memorandum,0.9062,False,True,confident model disagrees
hv-1010-00001-internal-deal-summary-memo,hv-1010-00001,hv-1010-00001-internal-deal-summary-memo.v1.txt,1,matter_administration_memo,Matter Opening or Closing Memorandum,False,matter_administration_memo,deepseek,legal_research_memorandum,0.9061,False,True,confident model disagrees
hv-1011-00007-draft-limited-guaranty,hv-1011-00007,hv-1011-00007-draft-limited-guaranty.v1.txt,1,conflict_check_memorandum,Conflicts Check Memorandum,False,conflict_check_memorandum,deepseek,credit_or_financing_agreement,0.906,False,True,confident model disagrees
hv-1045-00001-dtc-eligibility-letter,hv-1045-00001,hv-1045-00001-dtc-eligibility-letter.v1.txt,1,correspondence,Correspondence,False,correspondence,deepseek,legal_opinion_letter,0.9056,False,True,confident model disagrees
hv-1036-00004-psa-exhibit-e-form-tenant-estoppel-certificate,hv-1036-00004,hv-1036-00004-psa-exhibit-e-form-tenant-estoppel-certificate.v1.txt,1,correspondence,Correspondence,False,correspondence,deepseek,real_property_agreement,0.9055,False,True,confident model disagrees
hv-1044-00007-ivorian-local-counsel-memo,hv-1044-00007,hv-1044-00007-ivorian-local-counsel-memo.v1.txt,1,conflict_check_memorandum,Conflicts Check Memorandum,False,conflict_check_memorandum,deepseek,legal_research_memorandum,0.9049,False,True,confident model disagrees
hv-1037-00004-review-memo-ng-infringement-report,hv-1037-00004,hv-1037-00004-review-memo-ng-infringement-report.v1.txt,1,discovery_document,"Discovery, Deposition or Expert Material",False,discovery_document,deepseek,legal_research_memorandum,0.9048,False,True,confident model disagrees
hv-1022-00003-cooperation-agreement,hv-1022-00003,hv-1022-00003-cooperation-agreement.v1.txt,1,correspondence,Correspondence,False,correspondence,deepseek,confidentiality_agreement,0.9047,False,True,confident model disagrees
hv-1038-00010-onpoint-dpa-rider,hv-1038-00010,hv-1038-00010-onpoint-dpa-rider.v1.txt,1,ip_or_technology_agreement,IP or Technology Agreement,False,ip_or_technology_agreement,deepseek,commercial_agreement,0.904,False,True,confident model disagrees
hv-1014-00003-ows-responses-lumos-rfps,hv-1014-00003,hv-1014-00003-ows-responses-lumos-rfps.v1.txt,1,discovery_document,"Discovery, Deposition or Expert Material",False,discovery_document,deepseek,motion_or_brief,0.9035,False,True,confident model disagrees
hv-1016-00009-data-map-memo-custodian-list,hv-1016-00009,hv-1016-00009-data-map-memo-custodian-list.v1.txt,1,matter_administration_memo,Matter Opening or Closing Memorandum,False,matter_administration_memo,deepseek,legal_research_memorandum,0.9035,False,True,confident model disagrees
hv-1030-00001-first-supplemental-indenture-series-2023a,hv-1030-00001,hv-1030-00001-first-supplemental-indenture-series-2023a.v1.txt,1,securities_offering_document,Securities Offering Document,False,securities_offering_document,deepseek,credit_or_financing_agreement,0.9035,False,True,confident model disagrees
hv-1011-00001-termination-letter-to-ridgeline,hv-1011-00001,hv-1011-00001-termination-letter-to-ridgeline.v1.txt,1,engagement_letter,Engagement Letter,False,engagement_letter,deepseek,correspondence,0.9034,False,True,confident model disagrees
hv-1014-00003-lessons-learned-post-mortem-memo,hv-1014-00003,hv-1014-00003-lessons-learned-post-mortem-memo.v1.txt,1,compliance_policy,Compliance Policy or Procedure,False,compliance_policy,deepseek,legal_research_memorandum,0.9031,False,True,confident model disagrees
hv-1026-00003-diligence-coordination-memo,hv-1026-00003,hv-1026-00003-diligence-coordination-memo.v1.txt,1,matter_administration_memo,Matter Opening or Closing Memorandum,False,matter_administration_memo,deepseek,legal_research_memorandum,0.903,False,True,confident model disagrees
hv-1027-00001-warrant-agreement,hv-1027-00001,hv-1027-00001-warrant-agreement.v1.txt,1,credit_or_financing_agreement,"Credit, Security or Financing Agreement",False,credit_or_financing_agreement,deepseek,securities_offering_document,0.9028,False,True,confident model disagrees
hv-1044-00001-affidavit-kouretas-singapore,hv-1044-00001,hv-1044-00001-affidavit-kouretas-singapore.v1.txt,1,court_order,Court Order or Judgment,False,court_order,deepseek,discovery_document,0.9028,False,True,confident model disagrees
hv-1015-00001-good-standing-request-cbr-delaware,hv-1015-00001,hv-1015-00001-good-standing-request-cbr-delaware.v1.txt,1,regulatory_filing,Regulatory Filing or Government Submission,False,regulatory_filing,deepseek,correspondence,0.9024,False,True,confident model disagrees
hv-1031-00004-zoning-due-diligence-memo,hv-1031-00004,hv-1031-00004-zoning-due-diligence-memo.v1.txt,1,legal_research_memorandum,Legal Research and Advice Memorandum,False,legal_research_memorandum,deepseek,due_diligence_document,0.9023,False,True,confident model disagrees
hv-1041-00003-rollover-agreement-pinnacle,hv-1041-00003,hv-1041-00003-rollover-agreement-pinnacle.v1.txt,1,purchase_agreement,Purchase or Merger Agreement,False,purchase_agreement,deepseek,credit_or_financing_agreement,0.902,False,True,confident model disagrees
hv-1045-00007-audit-committee-final-report,hv-1045-00007,hv-1045-00007-audit-committee-final-report.v1.txt,1,regulatory_filing,Regulatory Filing or Government Submission,False,regulatory_filing,deepseek,legal_research_memorandum,0.9019,False,True,confident model disagrees
hv-1027-00002-side-letter-pellegrino,hv-1027-00002,hv-1027-00002-side-letter-pellegrino.v1.txt,1,organizational_document,"Charter, Bylaws or Organizational Document",False,organizational_document,deepseek,term_sheet_or_loi,0.9018,False,True,confident model disagrees
hv-1003-00003-rollover-agreement,hv-1003-00003,hv-1003-00003-rollover-agreement.v1.txt,1,purchase_agreement,Purchase or Merger Agreement,False,purchase_agreement,deepseek,credit_or_financing_agreement,0.9015,False,True,confident model disagrees
hv-1039-00003-draft-sampling-monitoring-plan,hv-1039-00003,hv-1039-00003-draft-sampling-monitoring-plan.v1.txt,1,compliance_policy,Compliance Policy or Procedure,False,compliance_policy,deepseek,regulatory_filing,0.9015,False,True,confident model disagrees
hv-1004-00001-cobalt-side-letter,hv-1004-00001,hv-1004-00001-cobalt-side-letter.v1.txt,1,purchase_agreement,Purchase or Merger Agreement,False,purchase_agreement,deepseek,term_sheet_or_loi,0.9011,False,True,confident model disagrees
hv-1016-00009-interview-memo-natasha-sorokin,hv-1016-00009,hv-1016-00009-interview-memo-natasha-sorokin.v1.txt,1,discovery_document,"Discovery, Deposition or Expert Material",False,discovery_document,deepseek,legal_research_memorandum,0.9011,False,True,confident model disagrees
hv-1031-00003-mtdc-comments-on-agency-report,hv-1031-00003,hv-1031-00003-mtdc-comments-on-agency-report.v1.txt,1,correspondence,Correspondence,False,correspondence,deepseek,motion_or_brief,0.9011,False,True,confident model disagrees
hv-1017-00002-draft-resolution-engagement-calderwood-harkness,hv-1017-00002,hv-1017-00002-draft-resolution-engagement-calderwood-harkness.v1.txt,1,board_or_stockholder_consent,Board or Stockholder Resolution and Minutes,False,board_or_stockholder_consent,deepseek,engagement_letter,0.9008,False,True,confident model disagrees
hv-1032-00006-idr-response-template,hv-1032-00006,hv-1032-00006-idr-response-template.v1.txt,1,legal_research_memorandum,Legal Research and Advice Memorandum,False,legal_research_memorandum,deepseek,regulatory_filing,0.9004,False,True,confident model disagrees
hv-1039-00002-payoff-letter-ridgeline,hv-1039-00002,hv-1039-00002-payoff-letter-ridgeline.v1.txt,1,unclassified,Unclassified,False,unclassified,deepseek,correspondence,0.8987,False,True,deepseek returned no label
hv-1009-00004-scc-annex-iii,hv-1009-00004,hv-1009-00004-scc-annex-iii.v1.txt,1,unclassified,Unclassified,False,unclassified,deepseek,commercial_agreement,0.8831,False,True,deepseek returned no label
hv-1015-00002-exhibit-d-form-of-letter-of-credit,hv-1015-00002,hv-1015-00002-exhibit-d-form-of-letter-of-credit.v1.txt,1,unclassified,Unclassified,False,unclassified,deepseek,credit_or_financing_agreement,0.8757,False,True,deepseek returned no label
hv-1005-00001-lien-release-authorization-letter,hv-1005-00001,hv-1005-00001-lien-release-authorization-letter.v1.txt,1,unclassified,Unclassified,False,unclassified,deepseek,correspondence,0.8734,False,True,deepseek returned no label
hv-1043-00001-fee-letter,hv-1043-00001,hv-1043-00001-fee-letter.v1.txt,1,unclassified,Unclassified,False,unclassified,deepseek,engagement_letter,0.8733,False,True,deepseek returned no label
hv-1041-00003-exhibit-e-escrow-agreement-form,hv-1041-00003,hv-1041-00003-exhibit-e-escrow-agreement-form.v1.txt,1,unclassified,Unclassified,False,unclassified,deepseek,credit_or_financing_agreement,0.8292,False,True,deepseek returned no label
hv-1035-00002-exhibit-a-holiday-vacation-schedule,hv-1035-00002,hv-1035-00002-exhibit-a-holiday-vacation-schedule.v1.txt,1,unclassified,Unclassified,False,unclassified,deepseek,settlement_agreement,0.8224,False,True,deepseek returned no label
hv-1019-00001-answer-and-counterclaim,hv-1019-00001,hv-1019-00001-answer-and-counterclaim.v1.txt,1,unclassified,Unclassified,False,unclassified,deepseek,pleading,0.8057,False,True,deepseek returned no label
hv-1009-00007-closing-memorandum,hv-1009-00007,hv-1009-00007-closing-memorandum.v1.txt,1,unclassified,Unclassified,False,unclassified,deepseek,matter_administration_memo,0.7863,False,True,deepseek returned no label
hv-1017-00006-section-338h10-election-agreement,hv-1017-00006,hv-1017-00006-section-338h10-election-agreement.v1.txt,1,unclassified,Unclassified,False,unclassified,deepseek,regulatory_filing,0.7856,False,True,deepseek returned no label
hv-1030-00002-draft-dissolution-agreement-cbwtp,hv-1030-00002,hv-1030-00002-draft-dissolution-agreement-cbwtp.v1.txt,1,unclassified,Unclassified,False,unclassified,deepseek,organizational_document,0.7328,False,True,deepseek returned no label
hv-1036-00001-good-standing-request-letters,hv-1036-00001,hv-1036-00001-good-standing-request-letters.v1.txt,1,unclassified,Unclassified,False,unclassified,deepseek,correspondence,0.7004,False,True,deepseek returned no label
hv-1021-00003-exhibit-b-sworn-proof-of-loss,hv-1021-00003,hv-1021-00003-exhibit-b-sworn-proof-of-loss.v1.txt,1,unclassified,Unclassified,False,unclassified,deepseek,discovery_document,0.6605,False,True,deepseek returned no label
hv-1006-00002-plan-supplement,hv-1006-00002,hv-1006-00002-plan-supplement.v1.txt,1,unclassified,Unclassified,False,unclassified,deepseek,motion_or_brief,0.651,False,True,deepseek returned no label
hv-1025-00003-redline-corporate-governance-guidelines,hv-1025-00003,hv-1025-00003-redline-corporate-governance-guidelines.v1.txt,1,unclassified,Unclassified,False,unclassified,deepseek,organizational_document,0.642,False,True,deepseek returned no label
hv-1012-00006-certificate-last-known-address-request-default,hv-1012-00006,hv-1012-00006-certificate-last-known-address-request-default.v1.txt,1,unclassified,Unclassified,False,unclassified,deepseek,pleading,0.623,False,True,deepseek returned no label
hv-1001-00003-payoff-letter-lien-release-instructions,hv-1001-00003,hv-1001-00003-payoff-letter-lien-release-instructions.v1.txt,1,unclassified,Unclassified,False,unclassified,deepseek,correspondence,0.61,False,True,deepseek returned no label
hv-1034-00004-living-will-caldwell,hv-1034-00004,hv-1034-00004-living-will-caldwell.v1.txt,1,unclassified,Unclassified,False,unclassified,deepseek,discovery_document,0.5456,False,True,deepseek returned no label
hv-1024-00004-rating-agency-engagement-letter-crestview,hv-1024-00004,hv-1024-00004-rating-agency-engagement-letter-crestview.v1.txt,1,unclassified,Unclassified,False,unclassified,deepseek,correspondence,0.5292,False,True,deepseek returned no label
hv-1036-00005-completion-guaranty-fairwater,hv-1036-00005,hv-1036-00005-completion-guaranty-fairwater.v1.txt,1,unclassified,Unclassified,False,unclassified,deepseek,credit_or_financing_agreement,0.463,False,True,deepseek returned no label
hv-1021-00008-final-investigation-report,hv-1021-00008,hv-1021-00008-final-investigation-report.v1.txt,1,unclassified,Unclassified,False,unclassified,deepseek,legal_research_memorandum,0.4607,False,True,deepseek returned no label
hv-1043-00003-completion-guaranty,hv-1043-00003,hv-1043-00003-completion-guaranty.v1.txt,1,unclassified,Unclassified,False,unclassified,deepseek,commercial_agreement,0.4329,False,True,deepseek returned no label
hv-1014-00004-market-share-displacement-analysis,hv-1014-00004,hv-1014-00004-market-share-displacement-analysis.v1.txt,1,unclassified,Unclassified,False,unclassified,deepseek,legal_research_memorandum,0.3757,False,True,deepseek returned no label
hv-1040-00001-data-protection-addendum,hv-1040-00001,hv-1040-00001-data-protection-addendum.v1.txt,1,unclassified,Unclassified,False,unclassified,deepseek,legal_research_memorandum,0.3515,False,True,deepseek returned no label
